full,team,assists,bonus,bps,clean_sheets,creativity,element,fixture,goals_conceded,goals_scored,ict_index,influence,minutes,own_goals,penalties_missed,penalties_saved,red_cards,round,saves,selected,team_a_score,team_h_score,threat,total_points,transfers_balance,transfers_in,transfers_out,value,was_home,yellow_cards,ppm,team_rank
Pierre-Emerick Aubameyang,Arsenal,5,37,807,10,479.59999999999997,418,7162,44,22,285.2,1006.0000000000001,3136,0,0,0,1,743,0,61570003,44,60,1369,205,-164037,3998590,4162627,415.4,19.0,3,18.741506341523493,1.0
Alexandre Lacazette,Arsenal,7,16,387,5,337.70000000000005,456,7162,25,10,173.80000000000004,536.4,1867,0,0,0,0,743,0,5741797,44,60,861,118,-53197,501866,555063,354.00000000000006,19.0,8,12.691592757968444,2.0
Bernd Leno,Arsenal,0,10,591,7,0.0,532,7162,39,0,84.10000000000002,843.2000000000002,2649,0,0,1,0,743,113,15348044,44,60,0,114,60375,972356,911981,188.60000000000008,19.0,2,22.799999999999997,3.0
Nicolas P?p?,Arsenal,6,9,353,5,639.4,18544,7162,30,5,176.5,500.2,2004,0,0,0,0,743,0,8827581,44,60,624,106,-143349,744342,887691,349.2999999999999,19.0,4,11.529261606175197,4.0
David Luiz Moreira Marinho,Arsenal,1,10,494,8,106.69999999999996,4028,7162,42,2,102.09999999999997,701.5999999999999,2809,0,0,0,2,743,0,14968203,44,60,211,94,-264277,412404,676681,219.19999999999982,19.0,5,16.37084602212721,5.0
Granit Xhaka,Arsenal,2,2,408,10,298.50000000000006,684,7162,31,1,89.90000000000002,486.20000000000005,2586,0,0,0,0,743,0,2069256,44,60,110,73,-44169,99512,143681,197.09999999999988,19.0,10,14.126312212882688,6.0
Bukayo Saka,Arsenal,6,4,259,7,322.50000000000006,18394,7086,18,1,89.80000000000001,327.19999999999993,1746,0,0,0,0,733,0,5631041,39,53,248,71,384272,1015895,631623,155.09999999999994,17.0,6,15.498509610443003,7.0
Daniel Ceballos Fern?ndez,Arsenal,2,3,310,7,439.9,17822,7162,21,0,91.70000000000002,346.40000000000003,1687,0,0,0,0,743,0,13468746,44,60,130,57,-127860,1046222,1174082,202.39999999999984,19.0,1,10.640056824267353,8.0
Sokratis Papastathopoulos,Arsenal,0,5,305,4,36.8,190,7162,25,2,58.5,436.19999999999993,1696,0,0,0,0,743,0,4296021,44,60,110,57,-32673,208103,240776,186.6000000000002,19.0,6,11.527380952380957,8.0
Sead Kolasinac,Arsenal,2,1,331,4,182.49999999999994,114,7162,26,0,53.000000000000014,269.6,1694,0,0,0,0,743,0,1785175,44,60,81,55,-65531,69908,135439,200.49999999999986,19.0,4,10.427343097154408,10.0
Mesut ?zil,Arsenal,3,1,256,5,582.9000000000001,570,7162,20,1,99.8,223.6,1439,0,0,0,0,743,0,2843671,44,60,190,53,-16932,311942,328874,273.4999999999999,19.0,1,7.357305936073059,11.0
Matteo Guendouzi,Arsenal,2,2,272,3,235.10000000000005,798,7162,31,0,71.59999999999998,333.6,1744,0,0,0,0,743,0,20985759,44,60,146,48,227724,1498737,1271013,167.99999999999991,19.0,6,10.648201863990435,12.0
Lucas Torreira,Arsenal,1,0,247,3,207.09999999999994,722,7162,23,1,69.70000000000002,281.79999999999995,1501,0,0,0,0,743,0,3487680,44,60,207,46,-73820,106103,179923,180.7999999999999,19.0,7,9.647912143580841,13.0
H?ctor Beller?n,Arsenal,0,4,204,4,76.89999999999999,76,7162,18,1,37.0,187.8,1156,0,0,0,0,743,0,1559709,44,60,103,44,70865,244464,173599,205.2000000000001,19.0,2,8.13169430150562,14.0
Shkodran Mustafi,Arsenal,2,2,242,4,45.50000000000001,38,7162,17,0,47.89999999999999,277.20000000000005,1205,0,0,0,0,743,0,1013971,44,60,155,43,-20490,27658,48148,197.59999999999994,19.0,2,8.401206636500742,15.0
Calum Chambers,Arsenal,1,5,197,3,113.5,17746,7162,15,1,58.699999999999996,272.0,1102,0,0,0,0,743,0,2597446,44,60,203,42,-33101,140723,173824,166.60000000000014,19.0,5,9.515151515151512,16.0
Kieran Tierney,Arsenal,2,4,213,2,121.1,19570,7162,16,1,39.800000000000004,201.8,986,0,0,0,0,743,0,1628632,44,60,73,42,32951,166379,133428,203.8000000000002,19.0,2,7.907058001397624,16.0
Ainsley Maitland-Niles,Arsenal,2,3,244,3,182.00000000000003,152,7162,22,0,53.599999999999994,301.79999999999995,1382,0,0,0,1,743,0,8729168,44,60,58,41,-33514,623627,657141,178.69999999999993,19.0,4,8.63370275646491,18.0
Joseph Willock,Arsenal,1,0,150,1,165.90000000000003,18620,7162,16,1,55.20000000000001,176.8,838,0,0,0,0,743,0,567065,44,60,212,41,-3534,33259,36793,183.79999999999987,19.0,2,8.500195397307857,18.0
Gabriel Teodoro Martinelli Silva,Arsenal,1,5,129,2,36.60000000000001,19152,7162,9,3,42.5,162.8,656,0,0,0,0,743,0,5437358,44,60,226,39,103135,642089,538954,169.60000000000005,19.0,1,8.65700483091788,20.0
Emiliano Mart?nez,Arsenal,0,1,169,3,0.0,16226,7162,9,0,25.800000000000004,256.8,770,0,0,0,0,743,34,2126922,44,60,0,33,255167,314724,59557,165.3,19.0,2,7.718967079432187,21.0
Reiss Nelson,Arsenal,1,0,105,2,148.3,18582,7162,7,1,44.4,110.4,622,0,0,0,0,743,0,313547,44,60,185,30,-4847,16434,21281,202.5000000000001,19.0,1,5.632806047900386,22.0
Edward Nketiah,Arsenal,0,1,66,3,67.0,494,7162,9,2,36.4,90.4,628,0,0,0,1,743,0,2944113,44,60,210,25,30331,392937,362606,165.4,19.0,0,5.761099365750529,23.0
C?dric Soares,Arsenal,0,0,64,1,21.8,7290,4552,2,1,9.0,57.800000000000004,247,0,0,0,0,467,0,282140,14,28,11,18,12004,24078,18074,71.99999999999999,7.0,0,3.7499999999999973,24.0
Rob Holding,Arsenal,0,2,96,1,4.8,380,7162,9,0,15.8,133.6,580,0,0,0,0,743,0,358161,44,60,19,16,6422,29413,22991,170.00000000000006,19.0,1,3.626262626262628,25.0
Nacho Monreal,Arsenal,0,1,54,1,40.800000000000004,228,7162,4,0,10.0,47.2,270,0,0,0,0,743,0,970940,44,60,12,10,-61040,28280,89320,190.0,19.0,0,1.9999999999999998,26.0
Pablo Mar?,Arsenal,0,1,31,1,1.7000000000000002,8638,4314,0,0,3.0,27.8,113,0,0,0,0,443,0,50007,12,26,0,8,3025,18079,15054,65.3,7.0,0,1.6666666666666632,27.0
Emile Smith Rowe,Arsenal,0,0,13,1,6.3,12672,5896,0,0,1.6,9.8,96,0,0,0,0,607,0,37242,22,34,0,4,836,5199,4363,95.79999999999995,11.0,0,0.888888888888889,28.0
Henrikh Mkhitaryan,Arsenal,0,0,3,1,33.9,608,7162,0,0,8.6,5.3999999999999995,110,0,0,0,0,743,0,2469890,44,60,46,4,-94192,23285,117477,258.2,19.0,1,0.5734989648033131,28.0
Jack Grealish,Aston Villa,7,19,601,7,1209.1999999999996,1102,7162,63,8,286.99999999999994,826.5999999999999,3233,0,1,0,0,743,0,36104815,49,59,837,149,1434129,4031826,2597697,233.8,19.0,8,24.336891677156988,1.0
Mahmoud Ahmed Ibrahim Hassan,Aston Villa,2,7,270,6,303.70000000000005,17670,7162,29,6,145.7,422.4,1936,0,0,0,1,743,0,3688365,49,59,741,98,-76966,230550,307516,199.29999999999987,19.0,2,18.775295284729253,2.0
Anwar El Ghazi,Aston Villa,5,0,281,5,482.2000000000001,1140,7162,48,4,151.99999999999997,383.2,2046,0,0,0,0,743,0,2705859,49,59,655,93,51658,357154,305496,207.50000000000003,19.0,3,16.957252740271603,3.0
Douglas Luiz Soares de Paulo,Aston Villa,2,5,411,8,293.19999999999993,17860,7162,51,3,118.0,508.6000000000001,2604,0,0,0,0,743,0,10293786,49,59,377,90,253210,1047773,794563,168.70000000000016,19.0,8,20.30650795109844,4.0
Tyrone Mings,Aston Villa,2,9,537,6,87.29999999999995,16910,7162,53,2,96.60000000000001,758.0000000000001,2902,0,0,0,0,743,0,10288647,49,59,119,90,138178,718035,579857,170.90000000000006,19.0,7,20.079929732103654,4.0
John McGinn,Aston Villa,3,4,321,6,503.3,1178,7162,41,3,145.89999999999998,458.59999999999997,2312,0,0,0,0,743,0,16105169,49,59,499,84,49096,1552707,1503611,211.30000000000007,19.0,3,15.069240542053441,6.0
Conor Hourihane,Aston Villa,5,9,328,6,551.8,1064,7162,29,3,125.3,384.79999999999995,1526,0,0,0,0,743,0,430450,49,59,317,83,-8987,23077,32064,217.59999999999988,19.0,4,14.540834845735018,7.0
Matt Targett,Aston Villa,3,10,433,5,432.90000000000003,11742,7162,40,1,106.89999999999999,503.8000000000001,2291,0,0,0,0,743,0,3053780,49,59,130,80,132307,509369,377062,166.80000000000015,19.0,4,18.234672304439737,8.0
Wesley Moraes,Aston Villa,1,7,180,6,169.79999999999998,16264,7162,31,5,108.30000000000001,296.2,1782,0,1,0,0,743,0,3893761,49,59,632,67,-35590,404488,440078,216.90000000000006,19.0,3,11.300151865709243,9.0
Ezri Konsa Ngoyo,Aston Villa,2,4,335,5,151.8,17176,7162,39,1,72.8,400.59999999999997,2038,0,0,0,0,743,0,246138,49,59,173,65,7240,18397,11157,164.60000000000002,19.0,3,15.110993657505274,10.0
Fr?d?ric Guilbert,Aston Villa,2,4,342,6,241.49999999999997,17404,7162,36,0,77.20000000000002,451.2,2038,0,0,0,0,743,0,1696828,49,59,77,62,-8784,111906,120690,166.90000000000015,19.0,7,14.164904862579277,11.0
Tom Heaton,Aston Villa,0,3,346,4,0.3,3572,7162,35,0,50.7,507.4,1794,1,0,0,0,743,67,11916482,49,59,0,59,-278222,296382,574604,168.30000000000013,19.0,0,13.111111111111104,12.0
Marvelous Nakamba,Aston Villa,0,0,273,1,162.90000000000003,18658,7162,37,0,47.89999999999999,292.20000000000005,1826,0,0,0,0,743,0,2197092,49,59,24,43,13505,130486,116981,167.6000000000001,19.0,5,9.772727272727273,13.0
Bjorn Engels,Aston Villa,0,4,252,3,31.900000000000002,17290,7162,32,1,44.49999999999999,329.6,1446,0,0,0,0,743,0,1555340,49,59,81,42,7479,109401,101922,168.50000000000014,19.0,1,9.373737373737372,14.0
Jos? Reina,Aston Villa,0,4,203,2,10.0,9648,4773,20,0,30.0,289.40000000000003,1080,0,0,1,0,490,33,961569,15,22,0,41,159970,338211,178241,69.9,8.0,1,9.460317460317455,15.0
Ahmed El Mohamady,Aston Villa,1,7,224,2,324.09999999999997,836,7162,28,1,64.6,254.6,1024,0,0,0,0,743,0,2972261,49,59,67,39,-57706,123954,181660,160.79999999999998,19.0,1,9.284939992257064,16.0
Kortney Hause,Aston Villa,0,0,204,2,33.0,950,7162,34,1,63.4,352.79999999999995,1544,0,0,0,0,743,0,200833,49,59,248,34,-609,8652,9261,168.20000000000013,19.0,3,7.727272727272718,17.0
Mbwana Samatta,Aston Villa,0,2,74,4,131.5,8582,4320,18,1,44.199999999999996,67.60000000000001,940,0,0,0,0,443,0,449903,13,19,245,29,83846,218773,134927,78.1,7.0,1,5.123161180996284,18.0
Keinan Davis,Aston Villa,1,0,43,1,71.70000000000002,1292,7162,7,0,29.9,27.799999999999994,534,0,0,0,0,743,0,783295,49,59,212,25,-3769,44920,48689,165.70000000000005,19.0,0,5.76757609315749,19.0
Neil Taylor,Aston Villa,0,0,163,2,79.69999999999999,912,7162,25,0,26.7,157.6,1088,0,0,0,0,743,0,703561,49,59,29,22,-4405,29575,33980,165.3999999999999,19.0,2,4.96825396825396,20.0
Jos? Ignacio Peleteiro Romallo,Aston Villa,1,0,48,2,56.9,1368,7162,5,0,17.3,47.0,329,0,0,0,0,743,0,462503,49,59,73,17,-11198,20494,31692,220.7,19.0,0,2.893342356475639,21.0
?rjan Nyland,Aston Villa,0,0,90,1,0.0,1026,7162,12,0,10.2,101.2,537,0,0,0,0,743,15,651647,49,59,0,15,19107,65640,46533,165.00000000000003,19.0,0,3.4778012684989394,22.0
Henri Lansbury,Aston Villa,0,0,37,0,27.2,1330,7162,6,0,5.5,13.4,190,0,0,0,0,743,0,1255902,49,59,13,12,983,69837,68854,167.5000000000001,19.0,0,2.727272727272726,23.0
Daniel Drinkwater,Aston Villa,0,0,28,0,20.3,2160,5187,9,0,4.300000000000001,15.2,259,0,0,0,0,533,0,790619,23,24,8,5,-3893,8111,11330,79.2,9.0,1,1.136363636363636,24.0
Jonathan Kodjia,Aston Villa,0,0,14,0,12.2,988,7162,6,0,3.8,3.4000000000000004,111,0,0,0,0,743,0,294677,49,59,24,5,-23670,4402,28072,205.40000000000012,19.0,1,0.922558922558922,24.0
Indiana Vassilev,Aston Villa,0,0,8,0,1.6,10200,4984,1,0,0.8999999999999999,1.2,47,0,0,0,0,512,0,10865,21,23,7,4,941,2278,1337,76.5,9.0,0,0.888888888888888,26.0
Borja Gonz?lez Tom?s,Aston Villa,0,0,5,0,1.7,8099,4079,2,0,0.4,0.2,16,0,0,0,0,418,0,7082,12,17,2,2,884,2676,1792,69.99999999999999,7.0,0,0.363636363636364,27.0
Jed Steer,Aston Villa,0,0,3,0,0.0,16302,7162,0,0,0.0,0.0,7,0,0,0,0,743,0,281563,49,59,0,1,-5495,1987,7482,166.20000000000013,19.0,0,0.22727272727272704,28.0
Aaron Ramsdale,Bournemouth,1,13,680,5,24.0,18772,7186,62,0,99.7,973.8,3330,0,0,1,0,741,128,8701147,48,57,0,126,192587,757324,564737,173.5,19.0,0,27.75556676851772,1.0
Callum Wilson,Bournemouth,6,8,321,4,391.1,2546,7186,53,8,162.60000000000002,397.3999999999999,2906,0,0,0,0,741,0,19601502,48,57,848,116,-890928,900113,1791041,288.09999999999997,19.0,9,15.210333223174661,2.0
Joshua King,Bournemouth,5,11,313,4,412.70000000000005,2584,7186,37,6,135.10000000000002,435.8,2010,0,0,0,0,741,0,16549108,48,57,506,99,-1041343,666119,1707462,235.39999999999986,19.0,0,15.915494455453466,3.0
Harry Wilson,Bournemouth,1,7,295,2,242.1,19190,7186,32,7,128.5,377.40000000000003,1637,0,0,0,0,741,0,6341378,48,57,667,91,-1618,650485,652103,224.30000000000007,19.0,2,15.320360128939486,4.0
Diego Rico,Bournemouth,5,10,463,6,558.9,2470,7186,38,0,125.5,596.6000000000001,2333,0,0,0,0,741,0,28694659,48,57,96,84,145715,1433084,1287369,160.69999999999993,19.0,6,19.919866151998868,5.0
Nathan Ak?,Bournemouth,2,6,499,4,92.69999999999997,2242,7186,46,2,111.00000000000001,691.2,2503,0,0,0,0,741,0,26007857,48,57,326,79,-778219,609717,1387936,185.80000000000013,19.0,2,16.164755902360945,6.0
Ryan Fraser,Bournemouth,5,2,305,4,627.1000000000001,2850,7186,34,1,141.90000000000003,355.6000000000001,2061,0,0,0,0,741,0,11072278,48,57,440,73,-996477,154044,1150521,265.20000000000016,19.0,2,10.373652976438493,7.0
Dominic Solanke,Bournemouth,2,3,177,1,202.5,2622,7186,39,3,99.4,223.2,1637,0,0,0,0,741,0,1019676,48,57,569,69,-15098,42081,57179,199.5999999999999,19.0,1,13.243359058009444,8.0
Philip Billing,Bournemouth,1,5,347,5,239.80000000000004,18088,7186,41,1,112.89999999999998,545.4,2526,0,0,0,0,741,0,443358,48,57,342,68,-1107,27895,29002,189.40000000000003,19.0,8,13.624489795918366,9.0
Jefferson Lerma,Bournemouth,2,2,376,4,189.4,3116,7186,49,1,79.39999999999999,439.00000000000017,2702,0,0,0,1,741,0,396271,48,57,169,65,-9694,14005,23699,183.50000000000009,19.0,11,13.47891156462586,10.0
Dan Gosling,Bournemouth,1,1,186,2,151.89999999999998,3078,7186,23,3,72.6,316.40000000000003,1254,0,0,0,0,741,0,125793,48,57,259,54,1863,14715,12852,186.10000000000014,19.0,3,11.041666666666671,11.0
Steve Cook,Bournemouth,0,5,362,3,51.500000000000014,2204,7186,48,1,77.2,557.1999999999999,2427,0,0,0,1,741,0,719846,48,57,159,52,-6409,44200,50609,190.0,19.0,6,10.399999999999995,12.0
Adam Smith,Bournemouth,1,3,309,4,183.0,2394,7186,40,0,58.800000000000004,309.59999999999997,2055,0,0,0,0,741,0,1640157,48,57,97,49,-75939,66024,141963,164.60000000000002,19.0,7,11.343669250645984,13.0
Junior Stanislas,Bournemouth,1,2,155,1,185.40000000000003,2926,7186,17,3,60.7,179.0,706,0,0,0,0,741,0,44586,48,57,241,42,6432,11671,5239,224.00000000000017,19.0,1,7.206312098188198,14.0
Lewis Cook,Bournemouth,1,0,183,2,183.10000000000005,3002,7186,30,0,43.79999999999999,187.8,1340,0,0,0,0,741,0,94714,48,57,68,40,915,7475,6560,190.0,19.0,5,8.000000000000004,15.0
Jack Stacey,Bournemouth,2,4,241,1,147.2,16948,7186,27,0,54.30000000000001,308.79999999999995,1547,0,0,0,0,741,0,262938,48,57,86,39,-5641,9334,14975,164.60000000000005,19.0,2,9.043340380549683,16.0
Chris Mepham,Bournemouth,0,2,165,1,20.8,2318,7186,19,1,43.69999999999999,276.79999999999995,911,0,0,0,0,741,0,2302707,48,57,138,27,-29051,95133,124184,165.40000000000003,19.0,1,6.1447028423772565,17.0
Arnaut Danjuma Groeneveld,Bournemouth,1,0,60,2,82.60000000000002,18696,7186,12,0,27.900000000000002,60.6,625,0,0,0,0,741,0,82614,48,57,139,24,-3815,1374,5189,221.00000000000014,19.0,0,4.137931034482756,18.0
David Brooks,Bournemouth,0,1,73,1,100.80000000000001,2888,7186,12,1,25.4,82.2,505,0,0,0,0,741,0,329916,48,57,71,21,-15182,9055,24237,238.39999999999992,19.0,1,3.4267583289264945,19.0
Simon Francis,Bournemouth,0,1,161,1,64.39999999999999,2356,7186,21,0,40.2,263.8,964,0,0,0,1,741,0,71480,48,57,72,16,301,5364,5063,167.40000000000012,19.0,3,3.6363636363636345,20.0
Lloyd Kelly,Bournemouth,0,0,85,1,28.4,2432,7186,15,0,12.2,73.4,638,0,0,0,0,741,0,151853,48,57,20,11,-3083,7522,10605,167.5000000000001,19.0,2,2.4999999999999973,21.0
Andrew Surman,Bournemouth,0,0,28,0,25.5,3040,7186,6,0,5.6,23.6,234,0,0,0,0,741,0,106532,48,57,8,6,-2871,1746,4617,180.2999999999999,19.0,1,1.25071283832682,22.0
Jack Simpson,Bournemouth,0,0,33,0,12.7,2508,7186,6,0,6.3999999999999995,33.6,238,0,0,0,0,741,0,19986635,48,57,18,4,9687,639450,629763,150.10000000000008,19.0,0,1.0192307692307692,23.0
Sam Surridge,Bournemouth,0,0,3,0,10.6,2698,7186,2,0,3.4000000000000004,3.4,25,0,0,0,0,741,0,1537477,48,57,24,4,-26068,68685,94753,165.20000000000005,19.0,0,0.930232558139536,23.0
Charlie Daniels,Bournemouth,0,0,18,0,29.6,2280,7186,2,0,5.2,22.4,126,0,0,0,0,741,0,273171,48,57,0,3,-14004,3560,17564,163.39999999999986,19.0,0,0.666666666666666,25.0
Jordon Ibe,Bournemouth,0,0,10,0,5.3999999999999995,2964,7186,1,0,1.2000000000000002,6.8,48,0,0,0,0,741,0,482583,48,57,0,2,-16928,8621,25549,177.7999999999999,19.0,0,0.408163265306122,26.0
Mark Travers,Bournemouth,0,0,9,0,0.0,2812,7186,3,0,1.5,15.2,90,0,0,0,0,741,2,464858,48,57,0,1,-9241,5819,15060,162.7999999999999,19.0,0,0.232558139534884,27.0
Mathew Ryan,Brighton,0,14,754,9,0.0,1786,7191,54,0,100.10000000000002,1000.0,3420,0,0,0,0,741,117,40062044,46,47,0,135,-33692,1228881,1262573,179.39999999999992,19.0,0,28.736375416648304,1.0
Neal Maupay,Brighton,3,21,361,8,369.20000000000005,19076,7191,36,10,240.5,518.5999999999999,2763,0,1,0,0,741,0,4168812,46,47,1519,131,84574,639681,555107,222.69999999999993,19.0,3,22.38374055978108,2.0
Lewis Dunk,Brighton,3,17,674,9,171.8,1596,7191,50,3,146.8,825.5999999999999,3230,0,0,0,0,741,0,32927544,46,47,469,128,348623,1694734,1346111,178.20000000000002,19.0,9,27.441399424401297,3.0
Leandro Trossard,Brighton,5,9,352,4,585.4000000000001,15998,7191,34,5,153.2,411.3999999999999,2004,0,0,0,0,741,0,1148279,46,47,540,104,-14032,149858,163890,221.60000000000014,19.0,0,17.86781609195403,4.0
Adam Webster,Brighton,1,7,514,5,153.20000000000002,18734,7191,44,3,107.29999999999998,696.5999999999999,2668,1,0,0,0,741,0,1035266,46,47,221,88,25810,125775,99965,167.8000000000001,19.0,4,19.98484848484847,5.0
Dan Burn,Brighton,0,3,480,9,311.9000000000001,18050,7191,42,0,104.20000000000003,602.8000000000001,2879,0,0,0,0,741,0,655636,46,47,128,86,9645,50489,40844,171.0,19.0,5,19.11111111111108,6.0
Aaron Mooy,Brighton,2,9,337,6,614.9,19608,7191,33,2,133.99999999999997,436.6000000000001,2079,0,0,0,1,741,0,1043343,46,47,291,80,10992,116102,105110,182.89999999999995,19.0,1,16.686014618613413,7.0
Davy Pr?pper,Brighton,2,2,441,6,434.10000000000014,2052,7191,46,1,122.50000000000003,522.2,2826,1,0,0,0,741,0,1183228,46,47,271,78,-4945,93671,98616,185.80000000000018,19.0,4,15.968877551020407,8.0
Pascal Gro?,Brighton,5,7,326,3,908.4999999999997,1862,7191,32,2,161.60000000000002,388.19999999999993,1791,1,0,0,0,741,0,1638486,46,47,323,76,-26810,115019,141829,241.50000000000003,19.0,4,11.891814614596873,9.0
Dale Stephens,Brighton,1,1,406,6,292.8,2166,7191,42,0,82.19999999999997,438.6000000000001,2525,0,0,0,0,741,0,6062625,46,47,90,63,-99357,196433,295790,168.70000000000013,19.0,8,14.166666666666668,10.0
Mart?n Montoya,Brighton,1,3,313,6,337.99999999999994,1444,7191,32,0,85.50000000000003,337.4,1892,0,0,0,0,741,0,1756063,46,47,177,62,-15643,103863,119506,168.10000000000016,19.0,5,13.91578576462296,11.0
Aaron Connolly,Brighton,3,5,146,5,91.39999999999998,18690,7148,22,3,76.0,150.60000000000002,1250,0,0,0,0,735,0,4665669,40,46,530,61,176722,665912,489190,154.99999999999994,17.0,0,13.788420049235828,12.0
Shane Duffy,Brighton,0,1,227,3,29.8,1406,7191,18,1,41.8,287.99999999999994,1232,0,0,0,0,741,0,3333941,46,47,100,44,-126571,55467,182038,184.6000000000001,19.0,2,9.028231292517006,13.0
Yves Bissouma,Brighton,0,0,207,4,110.6,2014,7191,18,1,45.1,238.8,1253,0,0,0,0,741,0,40779,46,47,101,39,334,2322,1988,190.0,19.0,4,7.800000000000001,14.0
Solomon March,Brighton,1,3,129,4,239.60000000000005,2090,7191,15,0,70.39999999999999,189.39999999999998,1139,0,0,0,0,741,0,727669,46,47,274,38,-23055,38388,61443,178.79999999999987,19.0,2,7.97068474013102,15.0
Glenn Murray,Brighton,1,0,74,2,57.099999999999994,1672,7191,10,1,37.7,74.0,785,0,0,0,0,741,0,2751592,46,47,249,36,-173699,57345,231044,210.7000000000001,19.0,0,6.483281922698701,16.0
Steven Alzate,Brighton,0,0,183,3,214.10000000000002,18258,7111,18,0,62.3,201.99999999999997,1181,0,0,0,0,731,0,202205,40,42,205,33,4768,21516,16748,152.70000000000002,17.0,1,7.333333333333329,17.0
Alireza Jahanbakhsh,Brighton,1,2,90,1,62.5,1900,7191,4,2,25.9,90.6,305,0,0,0,0,741,0,245199,46,47,106,28,-2871,12814,15685,221.00000000000014,19.0,0,4.82758620689656,18.0
Tariq Lamptey,Brighton,1,0,128,3,82.1,8790,4574,8,0,20.2,91.80000000000001,588,0,0,0,0,465,0,604875,23,13,27,25,106657,130320,23342,60.2,7.0,2,6.201219512195121,19.0
Bernardo Fernandes da Silva Junior,Brighton,0,3,121,1,72.6,1482,7191,17,0,31.9,154.0,675,0,0,0,0,741,0,306023,46,47,92,21,-5481,8293,13774,164.60000000000002,19.0,1,4.863049095607237,20.0
Alexis Mac Allister,Brighton,0,0,35,0,73.80000000000001,7524,3839,6,0,16.9,28.4,348,0,0,0,0,390,0,10778,18,6,66,12,470,1570,1100,65.8,6.0,0,2.191919191919193,21.0
Ezequiel Schelotto,Brighton,0,0,40,0,12.7,17472,7010,7,0,11.4,38.4,357,0,0,0,0,720,0,1101576,39,41,65,9,36451,101504,65053,127.9,16.0,2,2.25,22.0
Florin Andone,Brighton,0,1,20,0,11.3,1748,7191,2,1,7.6000000000000005,45.0,71,0,0,0,1,741,0,1421103,46,47,21,5,-37176,160423,197599,182.19999999999985,19.0,0,0.9999999999999999,23.0
Ga?tan Bong,Brighton,0,0,15,0,27.900000000000002,1558,7191,3,0,4.999999999999999,16.0,57,0,0,0,0,741,0,299442,46,47,6,3,-6254,2461,8715,163.29999999999987,19.0,0,0.6818181818181811,24.0
J?rgen Locadia,Brighton,0,0,5,1,1.3,1710,7191,1,0,3.3,3.2,85,0,0,0,0,741,0,276692,46,47,30,3,-17061,6909,23970,199.09999999999988,19.0,0,0.545454545454546,24.0
Nick Pope,Burnley,0,23,789,15,30.3,3534,7176,50,0,93.10000000000001,899.9999999999999,3420,0,0,1,0,741,120,42254341,42,51,2,170,1142056,2341163,1199107,180.10000000000005,19.0,1,35.9404302530804,1.0
James Tarkowski,Burnley,3,14,690,15,167.10000000000002,3192,7176,50,2,149.89999999999998,919.8000000000003,3420,0,0,0,0,741,0,9292171,42,51,410,143,553011,1025890,472879,193.99999999999986,19.0,10,28.039971041413853,2.0
Chris Wood,Burnley,1,21,384,11,299.59999999999997,3458,7176,33,14,190.79999999999998,552.1999999999999,2436,1,0,0,0,741,0,3182080,42,51,1070,136,45200,484102,438902,235.6999999999999,19.0,1,21.931258995279375,3.0
Dwight McNeil,Burnley,7,6,529,16,931.3999999999997,3686,7176,48,2,200.60000000000002,644.1999999999999,3339,0,0,0,0,741,0,1888631,42,51,430,123,30746,242856,212110,228.49999999999997,19.0,5,20.459016393442607,4.0
Ashley Westwood,Burnley,7,11,567,15,814.2,3838,7176,39,2,154.69999999999996,596.8,3150,0,0,0,0,741,0,1523856,42,51,135,118,4791,136653,131862,206.4000000000001,19.0,9,21.73737373737373,5.0
Ben Mee,Burnley,2,6,549,13,105.79999999999998,3154,7176,45,1,112.9,658.8,2880,0,0,0,0,741,0,2665196,42,51,362,110,-6471,180290,186761,189.8,19.0,7,22.0,6.0
Jay Rodriguez,Burnley,2,9,282,7,134.99999999999997,17138,7176,34,8,137.8,431.4,2002,0,0,0,0,741,0,873166,42,51,827,100,40602,120140,79538,217.49999999999986,19.0,1,17.51714397038768,7.0
Charlie Taylor,Burnley,1,5,375,10,243.00000000000003,3306,7176,18,0,64.69999999999999,382.5999999999999,1944,0,0,0,0,741,0,3612702,42,51,19,84,50169,409039,358870,162.10000000000014,19.0,3,19.828601630927224,8.0
Phil Bardsley,Burnley,2,6,358,9,164.0,3268,7176,19,0,62.5,350.5999999999999,1890,0,0,0,0,741,0,819256,42,51,109,78,143075,178624,35549,164.80000000000004,19.0,6,18.13953488372092,9.0
Erik Pieters,Burnley,5,10,359,6,273.80000000000007,16986,7176,35,0,71.60000000000001,355.4,1876,0,0,0,0,741,0,17470150,42,51,90,77,311829,1259034,947205,168.8999999999999,19.0,2,17.479829756842328,10.0
Jack Cork,Burnley,0,0,301,12,198.2,3876,7176,41,0,82.40000000000003,313.20000000000005,2614,0,0,0,0,741,0,535431,42,51,311,70,-11001,14761,25762,187.80000000000013,19.0,1,14.159183673469393,11.0
Jeff Hendrick,Burnley,2,4,197,10,213.7,3800,7176,30,2,76.50000000000001,269.80000000000007,1930,0,0,0,0,741,0,304823,42,51,282,67,-2470,15633,18103,205.40000000000012,19.0,8,12.407407407407407,12.0
Ashley Barnes,Burnley,0,6,161,8,85.1,3420,7176,21,6,75.9,226.2,1350,0,0,0,0,741,0,10183969,42,51,474,61,-55441,1128646,1184087,238.59999999999985,19.0,4,9.478121464610386,13.0
Matthew Lowton,Burnley,1,1,270,6,181.70000000000005,3230,7176,31,0,49.2,294.19999999999993,1530,0,0,0,0,741,0,1530369,42,51,15,48,-4769,120216,124985,164.99999999999994,19.0,2,10.984126984126979,14.0
Matej Vydra,Burnley,1,3,112,5,113.3,3496,7176,7,2,53.29999999999999,144.19999999999996,807,0,0,0,0,741,0,249412,42,51,273,39,2417,27447,25030,201.60000000000002,19.0,0,7.373968777964336,15.0
Robbie Brady,Burnley,2,0,112,1,102.10000000000001,3724,7176,10,1,34.9,118.6,445,0,0,0,0,741,0,111601,42,51,128,32,-643,4394,5037,209.0,19.0,1,5.818181818181817,16.0
Johann Berg Gudmundsson,Burnley,1,1,98,3,215.40000000000003,3648,7176,7,1,44.1,118.6,617,0,0,0,0,741,0,1475542,42,51,108,30,-36319,80794,117113,224.90000000000015,19.0,0,5.045197740112994,17.0
Josh Brownhill,Burnley,0,0,111,4,58.5,8680,4327,10,0,20.8,101.19999999999999,805,0,0,0,0,441,0,8458,12,15,49,21,1142,1923,781,67.99999999999999,7.0,2,4.366666666666667,18.0
Kevin Long,Burnley,0,0,93,2,1.2999999999999998,3344,7176,5,0,13.0,104.8,562,0,0,0,0,741,0,368028,42,51,24,21,8738,20309,11571,164.90000000000003,19.0,0,4.883720930232553,18.0
Aaron Lennon,Burnley,0,0,51,0,37.8,16340,7176,15,0,9.600000000000001,45.0,485,0,0,0,0,741,0,257108,42,51,12,15,-5905,6300,12205,178.89999999999992,19.0,4,3.1402899180023547,20.0
Daniel Drinkwater,Burnley,0,0,4,0,0.9,2400,1975,2,0,0.4,3.4,58,0,0,0,0,210,0,1363448,25,30,0,1,-110485,19103,129588,88.70000000000002,10.0,0,0.22727272727272704,21.0
Max Thompson,Burnley,0,0,3,0,0.0,5760,3006,0,0,0.0,0.0,2,0,0,0,0,306,0,4648,9,10,0,1,514,1207,693,40.5,4.0,0,0.222222222222222,21.0
Willian Borges Da Silva,Chelsea,9,26,698,10,1177.6999999999998,4294,7200,35,9,294.6,834.7999999999998,2595,0,0,0,0,741,0,12126856,55,68,930,168,596479,1826662,1230183,269.4999999999999,19.0,4,23.795458746393656,1.0
Tammy Abraham,Chelsea,6,20,461,7,283.20000000000005,17480,7200,34,15,223.29999999999998,659.6,2206,1,0,0,0,741,0,70675882,55,68,1301,153,597490,5783048,5185558,288.5,19.0,2,20.295536468464014,2.0
Mason Mount,Chelsea,6,11,510,9,814.0000000000001,17594,7200,44,7,242.79999999999995,641.2,2865,0,0,0,0,741,0,54965776,55,68,974,137,638758,4314451,3675693,241.2999999999999,19.0,3,21.74025369248392,3.0
C?sar Azpilicueta,Chelsea,6,16,700,8,708.6999999999999,3990,7200,53,2,205.39999999999998,905.1999999999999,3229,0,0,0,0,741,0,17301501,55,68,438,130,40682,755730,715048,224.00000000000009,19.0,1,22.091399909936676,4.0
Christian Pulisic,Chelsea,8,8,379,6,425.99999999999994,16378,7200,28,9,204.2,556.2000000000002,1717,0,0,0,0,741,0,20863579,55,68,1059,127,313981,2342187,2028206,273.9,19.0,0,17.618130695542632,5.0
Marcos Alonso,Chelsea,4,11,395,7,413.4,3914,7200,18,4,124.29999999999998,411.80000000000007,1429,0,0,0,0,741,0,8087021,55,68,420,100,-186061,480698,666759,233.1999999999999,19.0,4,16.38074672844635,6.0
Jorge Luiz Frello Filho,Chelsea,3,9,535,6,422.3999999999999,4484,7200,40,4,118.40000000000003,599.9999999999999,2376,0,0,0,0,741,0,10057247,55,68,158,92,-80520,661858,742378,188.9000000000001,19.0,10,18.53269307723089,7.0
Kepa Arrizabalaga,Chelsea,0,0,507,8,0.0,4218,7200,47,0,50.2,503.5999999999999,2970,0,0,0,0,741,55,13621891,55,68,0,90,-114018,388417,502435,208.00000000000006,19.0,0,16.454545454545453,8.0
Mateo Kovacic,Chelsea,3,6,461,4,458.5000000000001,16416,7200,37,1,114.00000000000001,496.99999999999994,2065,0,0,0,0,741,0,2687118,55,68,186,68,-31276,134492,165768,203.0000000000001,19.0,8,12.727145670541905,9.0
Olivier Giroud,Chelsea,1,5,253,6,144.8,4180,7200,16,8,105.39999999999999,316.20000000000005,988,0,0,0,0,741,0,4261702,55,68,598,68,9150,342535,333385,253.19999999999985,19.0,1,10.27431275192469,9.0
Antonio R?diger,Chelsea,0,5,351,5,93.30000000000001,3952,7200,24,2,67.69999999999999,389.40000000000003,1710,1,0,0,0,741,0,930198,55,68,194,63,14771,75109,60338,227.60000000000002,19.0,3,10.542372881355933,11.0
Kurt Zouma,Chelsea,0,2,432,7,40.1,17442,7200,37,0,71.7,518.0,2343,1,0,0,0,741,0,4930499,55,68,162,62,-105877,188909,294786,180.39999999999992,19.0,6,13.161173831234617,12.0
Reece James,Chelsea,2,5,373,5,428.80000000000007,19228,7200,23,0,91.79999999999998,343.59999999999997,1510,0,0,0,0,741,0,1215078,55,68,143,61,50099,177808,127709,189.60000000000002,19.0,1,12.25730292116847,13.0
Ross Barkley,Chelsea,5,5,208,5,344.30000000000007,4446,7200,14,1,98.2,266.0,1095,0,0,0,0,741,0,5121126,55,68,373,61,-390388,129294,519682,214.59999999999985,19.0,0,10.8378379467078,13.0
N'Golo Kant?,Chelsea,0,2,294,3,424.50000000000006,4522,7200,25,3,106.30000000000003,422.79999999999995,1730,0,0,0,0,741,0,12140871,55,68,214,57,-287011,440223,727234,190.0,19.0,4,11.4,15.0
Callum Hudson-Odoi,Chelsea,5,3,197,2,341.4000000000001,4408,7200,14,1,89.89999999999999,235.2,849,0,0,0,0,741,0,2006101,55,68,325,53,7971,340659,332688,210.00000000000003,19.0,1,9.615187814622029,16.0
Fikayo Tomori,Chelsea,0,7,271,4,68.60000000000001,20102,7200,18,1,48.500000000000014,335.4,1291,0,0,0,0,741,0,9160337,55,68,79,48,58304,846252,787948,172.39999999999992,19.0,3,10.24904445962566,17.0
Andreas Christensen,Chelsea,0,0,325,3,70.9,4104,7200,33,0,52.099999999999994,353.6,1751,0,0,0,0,741,0,1970023,55,68,96,34,-29778,92803,122581,186.30000000000018,19.0,5,6.957142857142859,18.0
Pedro Rodr?guez Ledesma,Chelsea,2,1,127,2,227.1,4332,7200,12,1,73.80000000000001,161.4,659,0,0,0,0,741,0,3853989,55,68,349,32,-151497,130741,282238,260.3000000000002,19.0,1,4.676470588235295,19.0
Michy Batshuayi,Chelsea,2,1,59,0,42.89999999999999,17518,7200,8,1,28.299999999999994,61.800000000000004,224,0,0,0,0,741,0,1434438,55,68,185,28,-37782,97709,135491,251.99999999999986,19.0,0,4.228855721393039,20.0
Emerson Palmieri dos Santos,Chelsea,0,0,181,1,298.7,4066,7200,21,0,73.2,207.79999999999998,1022,0,0,0,0,741,0,2542825,55,68,225,19,-53178,181578,234756,207.80000000000007,19.0,3,3.4579124579124603,21.0
Willy Caballero,Chelsea,0,0,74,1,0.0,4256,7200,7,0,9.0,90.2,450,0,0,0,0,741,10,612959,55,68,0,13,-5983,12246,18229,183.60000000000008,19.0,0,2.708333333333333,22.0
Ruben Loftus-Cheek,Chelsea,1,0,37,1,30.200000000000003,4370,7200,3,0,9.200000000000001,30.8,203,0,0,0,0,741,0,209774,55,68,33,12,-1380,17586,18966,238.50000000000014,19.0,0,2.0147549804398928,23.0
Billy Gilmour,Chelsea,0,0,41,1,55.3,18655,7151,3,0,9.100000000000001,31.4,191,0,0,0,0,735,0,262399,51,61,5,9,5532,42158,36626,155.6,18.0,0,2.031007751937984,24.0
Armando Broja,Chelsea,0,0,2,0,0.3,6310,3290,0,0,0.0,0.0,4,0,0,0,0,335,0,9649,11,26,0,1,364,1571,1207,45.0,5.0,0,0.222222222222222,25.0
Faustino Anjorin,Chelsea,0,0,1,0,1.2,6300,3290,0,0,1.0,0.0,19,0,0,0,0,335,0,2809,11,26,9,1,141,503,362,45.0,5.0,0,0.222222222222222,25.0
Tariq Lamptey,Chelsea,0,0,8,0,0.0,2344,832,0,0,0.0,0.0,31,0,0,0,0,86,0,14103,3,6,0,1,4177,6582,2405,16.0,1.0,0,0.25,25.0
Vicente Guaita,Crystal Palace,0,16,643,10,0.0,4978,7216,42,0,82.59999999999998,827.1999999999999,3150,1,0,0,0,741,111,4480229,36,45,0,137,45716,376601,330885,190.69999999999996,19.0,1,27.23329331732692,1.0
Jordan Ayew,Crystal Palace,3,19,443,12,445.6,17784,7216,45,9,192.4,597.4,3148,0,0,0,0,741,0,20389267,36,45,885,132,210119,1817836,1607717,192.8999999999999,19.0,6,26.08461538461538,2.0
Wilfried Zaha,Crystal Palace,6,4,337,9,588.0,5054,7216,46,4,226.39999999999998,571.9999999999999,3279,0,0,0,0,741,0,27912653,36,45,1103,120,-665968,1227951,1893919,257.0,19.0,5,17.80202732972135,3.0
Patrick van Aanholt,Crystal Palace,2,12,523,8,516.0,4674,7216,38,3,133.39999999999998,531.1999999999999,2507,1,0,0,0,741,0,19570064,36,45,285,109,-200338,971783,1172121,211.09999999999994,19.0,0,19.65909090909091,4.0
James McArthur,Crystal Palace,4,2,420,11,486.6,5244,7216,38,0,149.60000000000002,586.5999999999999,3091,0,0,0,0,741,0,2071584,36,45,421,92,-79351,48220,127571,199.69999999999987,19.0,6,17.50707119575044,5.0
Cheikhou Kouyat?,Crystal Palace,2,4,288,10,162.30000000000004,5282,7216,36,1,83.49999999999997,394.6,2524,0,0,0,0,741,0,557913,36,45,279,85,-479,35197,35676,186.30000000000013,19.0,4,17.351190476190478,6.0
Luka Milivojevic,Crystal Palace,1,9,382,7,499.0999999999999,5092,7216,38,3,114.89999999999998,460.0,2510,0,0,0,0,741,0,7341908,36,45,190,81,-386420,75285,461705,255.7999999999998,19.0,12,12.044402576085613,7.0
Joel Ward,Crystal Palace,1,8,392,7,116.99999999999999,4788,7216,36,0,59.49999999999999,426.99999999999994,2380,0,0,0,0,741,0,4629309,36,45,49,77,36063,361817,325754,167.10000000000008,19.0,4,17.49005729693292,8.0
Gary Cahill,Crystal Palace,1,4,395,7,40.0,19114,7216,35,0,83.39999999999999,448.4,2167,0,0,0,0,741,0,4110066,36,45,342,70,-68969,176006,244975,169.1000000000001,19.0,1,15.752525252525242,9.0
Martin Kelly,Crystal Palace,1,4,288,6,96.49999999999997,4864,7216,16,0,41.699999999999996,305.3999999999999,1547,0,0,0,0,741,0,65450913,36,45,15,64,-503196,2012814,2516010,158.70000000000002,19.0,0,15.402028959884875,10.0
Jeffrey Schlupp,Crystal Palace,1,4,148,4,101.89999999999999,5206,7216,16,3,60.800000000000004,239.99999999999997,1030,0,0,0,0,741,0,286722,36,45,266,51,-6309,20676,26985,207.4000000000001,19.0,2,9.309764309764308,11.0
Scott Dann,Crystal Palace,1,3,253,5,58.3,4826,7216,14,0,48.6,250.2,1264,0,0,0,0,741,0,566053,36,45,177,51,-10477,17846,28323,165.10000000000005,19.0,0,11.772492365515616,11.0
Andros Townsend,Crystal Palace,1,0,221,3,247.1,5130,7216,23,1,61.60000000000001,246.4,1284,0,0,0,0,741,0,3671941,36,45,122,48,-171946,52991,224937,215.09999999999988,19.0,0,8.447276505114338,13.0
James Tomkins,Crystal Palace,1,4,260,3,27.700000000000003,4712,7216,23,1,53.3,384.0000000000001,1582,0,0,0,0,741,0,766533,36,45,121,48,7812,88383,80571,189.9,19.0,5,9.6,13.0
Christian Benteke,Crystal Palace,1,1,133,5,248.29999999999998,4902,7216,18,2,110.89999999999999,231.80000000000004,1252,0,0,0,1,741,0,1646650,36,45,632,42,-44571,44149,88720,218.19999999999985,19.0,4,7.309642457985998,15.0
James McCarthy,Crystal Palace,0,0,205,2,268.3,5966,7216,29,0,61.79999999999998,268.8,1668,0,0,0,0,741,0,1894529,36,45,80,41,9647,114533,104886,165.8,19.0,9,9.452280277861671,16.0
Max Meyer,Crystal Palace,0,0,67,1,68.9,5168,7216,11,0,23.800000000000004,67.99999999999999,645,0,0,0,0,741,0,253466,36,45,103,23,-6965,4699,11664,199.19999999999987,19.0,1,4.377490434094208,17.0
Jairo Riedewald,Crystal Palace,0,0,116,0,47.099999999999994,18326,7135,9,0,19.099999999999998,116.99999999999999,761,0,0,0,0,731,0,40074,34,42,27,22,804,3160,2356,153.0,17.0,0,4.888888888888884,18.0
Connor Wickham,Crystal Palace,1,2,48,0,34.5,4940,7216,2,1,15.8,59.800000000000004,90,0,0,0,0,741,0,7614287,36,45,64,15,-222850,273059,495909,168.00000000000017,19.0,0,3.398989898989897,19.0
Cenk Tosun,Crystal Palace,0,1,45,1,14.6,1460,2593,2,1,12.399999999999999,46.6,174,0,0,0,0,265,0,123903,10,12,66,12,970,20357,19558,57.000000000000014,5.0,0,2.10526315789474,20.0
Mamadou Sakho,Crystal Palace,0,0,148,0,15.900000000000002,4750,7216,21,0,20.200000000000003,179.2,929,0,0,0,1,741,0,217680,36,45,6,11,-3189,7652,10841,190.0,19.0,1,2.2,21.0
Wayne Hennessey,Crystal Palace,0,0,58,0,0.0,5016,7216,8,0,11.0,110.4,270,0,0,0,0,741,16,1766196,36,45,0,7,-33701,27003,60704,163.79999999999987,19.0,0,1.6017316017316023,22.0
Tyrick Mitchell,Crystal Palace,0,0,23,0,58.7,12738,5934,4,0,9.7,36.4,193,0,0,0,0,605,0,71623,21,28,2,4,2494,5954,3460,88.0,11.0,1,1.0,23.0
Brandon Pierrick,Crystal Palace,0,0,7,0,21.0,12180,5770,0,0,2.9000000000000004,6.4,13,0,0,0,0,588,0,7144,20,27,2,2,155,562,407,94.5,10.0,0,0.444444444444444,24.0
V?ctor Camarasa,Crystal Palace,0,0,3,0,0.1,19380,7216,0,0,0.0,0.2,5,0,0,0,0,741,0,615922,36,45,0,1,-45109,4924,50033,175.1,19.0,0,0.208333333333333,25.0
Richarlison de Andrade,Everton,5,13,519,9,478.1000000000002,5700,7229,51,13,252.30000000000004,814.5999999999999,3070,0,0,0,0,741,0,24126632,41,59,1233,165,6794,2360192,2353398,305.79999999999995,19.0,8,20.57241384428211,1.0
Dominic Calvert-Lewin,Everton,1,15,385,8,241.4,5586,7229,43,13,206.3,562.8000000000001,2621,0,0,0,0,741,0,15900248,41,59,1272,126,390818,2090249,1699431,227.89999999999998,19.0,9,21.212137030468543,2.0
Lucas Digne,Everton,8,16,646,9,1111.9999999999995,5358,7229,49,0,214.99999999999997,743.0,3031,1,0,0,0,741,0,43119921,41,59,293,120,-703673,1549566,2253239,222.20000000000002,19.0,6,20.618709260119083,3.0
Jordan Pickford,Everton,0,5,626,9,13.0,5624,7229,56,0,76.7,755.5999999999999,3420,0,0,0,0,741,94,21427716,41,59,0,117,-241459,532926,774385,204.09999999999997,19.0,2,21.84250323401266,4.0
Gylfi Sigurdsson,Everton,4,7,397,6,765.1,5738,7229,45,2,170.5,454.60000000000014,2555,0,0,0,0,741,0,9736482,41,59,484,95,-683482,154238,837720,282.90000000000026,19.0,3,12.768603410865182,5.0
Michael Keane,Everton,0,9,490,7,80.0,5434,7229,42,2,95.2,666.4,2556,1,0,0,0,741,0,6620752,41,59,204,90,-53965,206374,260339,202.49999999999983,19.0,3,16.92031099578268,6.0
Yerry Mina,Everton,1,8,419,5,87.19999999999997,5396,7229,37,2,104.39999999999999,535.3999999999999,2281,1,0,0,0,741,0,6879813,41,59,422,78,-31335,422143,453478,203.90000000000015,19.0,3,14.534831695209052,7.0
Djibril Sidib?,Everton,4,10,386,5,341.50000000000006,19418,7229,30,0,92.5,462.99999999999994,1818,0,0,0,0,741,0,1968052,41,59,121,74,20700,248018,227318,199.69999999999996,19.0,3,14.044293931086381,8.0
Bernard An?cio Caldeira Duarte,Everton,2,6,237,9,349.1000000000001,5776,7229,12,3,89.80000000000001,314.9999999999999,1269,0,0,0,0,741,0,2261401,41,59,236,72,-17603,204316,221919,244.40000000000015,19.0,2,11.18269230769231,9.0
Mason Holgate,Everton,4,6,412,5,63.89999999999999,18164,7229,34,0,68.30000000000003,465.4000000000001,2052,0,0,0,0,741,0,3145806,41,59,152,71,107022,428261,321239,167.2000000000001,19.0,5,16.185576697204592,10.0
Theo Walcott,Everton,4,1,186,4,289.09999999999997,5814,7229,19,2,103.7,224.99999999999997,1281,0,0,0,0,741,0,1199025,41,59,521,63,-36748,25959,62707,236.89999999999984,19.0,1,10.14112533971405,11.0
Tom Davies,Everton,1,3,233,5,122.59999999999995,5852,7229,34,1,65.5,270.40000000000003,2020,0,0,0,0,741,0,384541,41,59,262,59,-3211,16197,19408,202.30000000000013,19.0,8,11.12521440823329,12.0
Seamus Coleman,Everton,1,2,325,5,149.00000000000003,5472,7229,29,0,64.6,321.20000000000005,1833,0,0,0,1,741,0,4403060,41,59,175,55,-144382,129679,274061,203.30000000000013,19.0,3,10.240264278000122,13.0
Moise Kean,Everton,2,5,138,1,136.49999999999997,18848,7229,15,2,71.1,153.6,830,0,0,0,0,741,0,5072934,41,59,429,53,-367541,90567,458108,246.1000000000002,19.0,1,8.19203974384673,14.0
Alex Iwobi,Everton,0,2,227,4,383.7000000000001,646,7229,30,1,95.89999999999999,246.40000000000003,1591,0,0,0,0,741,0,3281323,41,59,329,52,-106792,137649,244441,216.49999999999986,19.0,0,9.066430688058551,15.0
Andr? Filipe Tavares Gomes,Everton,1,3,184,5,179.39999999999998,16036,7229,20,0,36.4,156.60000000000002,1457,0,0,0,0,741,0,1056896,41,59,33,39,-54947,18459,73406,200.19999999999982,19.0,6,7.421764817991235,16.0
Fabian Delph,Everton,0,2,202,2,146.7,7790,7229,24,0,35.400000000000006,183.0,1187,0,0,0,1,741,0,560211,41,59,24,24,-18210,13736,31946,203.00000000000014,19.0,3,4.507337526205446,17.0
Morgan Schneiderlin,Everton,0,0,132,1,78.49999999999999,6004,7229,20,0,25.5,143.2,998,0,0,0,1,741,0,1920695,41,59,32,18,-49552,39063,88615,168.20000000000013,19.0,4,4.0555555555555545,18.0
Anthony Gordon,Everton,1,1,63,0,98.4,15147,6636,6,0,21.8,76.0,436,0,0,0,0,675,0,99463,30,42,44,17,6387,14331,7944,121.5,13.0,0,3.7777777777777715,19.0
Leighton Baines,Everton,1,0,89,0,123.8,5510,7229,8,0,21.2,81.80000000000001,400,0,0,0,0,741,0,443810,41,59,5,14,-1405,17120,18525,186.40000000000012,19.0,0,2.857142857142859,20.0
Cenk Tosun,Everton,0,0,41,1,48.800000000000004,4088,4628,4,1,25.300000000000004,42.4,288,0,0,0,0,476,0,241487,30,42,163,12,-8974,6765,15708,160.7,14.0,0,2.102238354506956,21.0
Jarrad Branthwaite,Everton,0,2,69,1,2.2,5733,3029,6,0,6.9,66.0,299,0,0,0,0,306,0,73594,8,9,0,11,26429,28273,1844,36.0,5.0,0,2.75,22.0
Jean-Philippe Gbamin,Everton,0,0,14,1,6.3,18886,7229,0,0,2.6,20.0,135,0,0,0,0,741,0,98632,41,59,0,4,-4450,2805,7255,183.60000000000008,19.0,0,0.8,23.0
Oumar Niasse,Everton,0,0,1,0,1.8,13110,6110,2,0,0.8999999999999999,7.0,19,0,0,0,0,621,0,56516,23,34,0,3,969,5072,4103,103.5,12.0,0,0.666666666666666,24.0
Jamie Vardy,Leicester,7,34,775,11,418.40000000000003,6308,7226,38,23,288.79999999999995,1026.0000000000005,3032,0,1,0,0,741,0,85006210,49,59,1455,210,977604,5365903,4388299,364.49999999999994,19.0,3,22.197726459466303,1.0
Kasper Schmeichel,Leicester,0,10,707,13,30.0,6384,7226,41,0,89.60000000000001,863.4000000000003,3420,0,0,2,0,741,97,32996600,49,59,2,156,387137,1426014,1038877,200.20000000000013,19.0,2,29.69301932498379,2.0
Harvey Barnes,Leicester,10,9,394,9,517.4,6536,7226,24,6,193.70000000000002,525.0000000000001,2075,0,0,0,0,741,0,3932368,49,59,893,133,36258,637429,601171,226.00000000000006,19.0,0,22.336376602366478,3.0
Ayoze P?rez,Leicester,5,9,402,9,443.9,10070,7226,25,8,177.3,547.4000000000001,1998,0,0,0,0,741,0,17553566,49,59,779,129,-613132,1308730,1921862,233.3999999999999,19.0,0,21.198335740145616,4.0
Jonny Evans,Leicester,2,12,707,13,131.9,6156,7226,41,1,121.39999999999999,755.2000000000003,3384,1,0,0,1,741,0,12339554,49,59,325,128,297220,898058,600838,196.30000000000004,19.0,7,24.956205355872385,5.0
James Maddison,Leicester,5,14,548,10,1246.4,6498,7226,26,6,259.2,642.4,2624,0,0,0,0,741,0,50124623,49,59,702,125,173698,3212993,3039295,281.8,19.0,4,16.920135896400406,6.0
Ricardo Domingos Barbosa Pereira,Leicester,2,11,568,10,446.50000000000006,6042,7226,27,3,141.89999999999998,738.0,2520,0,0,0,0,741,0,31155925,49,59,235,123,134337,1575795,1441458,238.00000000000009,19.0,1,19.767558288925944,7.0
?aglar S?y?nc?,Leicester,1,12,681,12,78.99999999999999,6232,7226,35,1,107.5,755.5999999999999,3036,0,0,0,1,741,0,36189093,49,59,238,120,531662,2514939,1983277,185.29999999999998,19.0,4,24.903881725369757,8.0
Youri Tielemans,Leicester,6,5,531,12,805.3999999999999,17024,7226,35,3,187.59999999999997,566.5999999999999,2823,0,0,0,0,741,0,15057552,49,59,502,117,-131328,953608,1084936,241.2999999999999,19.0,2,18.404498180361315,9.0
Benjamin Chilwell,Leicester,3,8,501,9,545.4000000000001,6118,7226,26,3,130.0,546.0,2374,0,0,0,0,741,0,24000600,49,59,208,114,44243,1471827,1427584,212.59999999999997,19.0,3,20.53162650662574,10.0
Wilfred Ndidi,Leicester,1,5,443,12,254.4,6688,7226,32,2,107.19999999999999,611.6,2671,0,0,0,0,741,0,6416573,49,59,205,85,-19748,405969,425717,190.0,19.0,6,16.999999999999996,11.0
Kelechi Iheanacho,Leicester,4,7,204,3,204.20000000000005,6346,7226,9,5,109.40000000000002,288.19999999999993,953,0,0,0,0,741,0,957602,49,59,603,64,1283,92595,91312,217.89999999999986,19.0,1,11.228070175438603,12.0
Dennis Praet,Leicester,3,3,203,2,161.60000000000002,19646,7226,17,1,56.5,196.19999999999996,1122,0,0,0,0,741,0,197631,49,59,210,54,-2862,10534,13396,201.79999999999998,19.0,2,10.18274422991404,13.0
Demarai Gray,Leicester,4,0,151,1,242.3,6650,7226,6,2,70.80000000000001,205.4,605,0,1,0,0,741,0,795897,49,59,263,44,-23599,18088,41687,195.79999999999993,19.0,1,8.631313418771795,14.0
Marc Albrighton,Leicester,3,1,185,3,287.9000000000001,6612,7226,11,0,58.099999999999994,190.59999999999997,857,0,0,0,0,741,0,502907,49,59,102,38,-13316,11181,24497,198.19999999999993,19.0,2,7.344547095934442,15.0
Hamza Choudhury,Leicester,1,0,153,3,70.00000000000001,6840,7226,12,1,33.1,177.59999999999997,883,0,0,0,1,741,0,2349613,49,59,83,35,-1116,151837,152953,166.10000000000002,19.0,2,8.00062082620222,16.0
James Justin,Leicester,1,0,196,4,195.00000000000006,16454,7226,14,0,49.6,240.60000000000002,1010,1,0,0,0,741,0,586055,49,59,61,35,31721,79579,47858,182.09999999999982,19.0,1,7.415780141843966,16.0
Christian Fuchs,Leicester,0,2,139,2,53.5,6194,7226,10,0,21.799999999999997,144.39999999999998,770,0,0,0,0,741,0,1025088,49,59,20,26,-10813,31976,42789,163.99999999999986,19.0,0,6.016980435585084,18.0
Wes Morgan,Leicester,0,2,87,1,2.1,6270,7226,6,0,14.5,85.8,430,0,0,0,0,741,0,1959131,49,59,58,19,-55898,40279,96177,158.9999999999999,19.0,0,4.594557928363937,19.0
Luke Thomas,Leicester,1,3,70,1,149.8,1980,1100,4,0,23.9,78.4,267,0,0,0,0,111,0,133416,2,5,10,15,60990,67013,6023,12.0,2.0,0,3.75,20.0
Nampalys Mendy,Leicester,0,0,71,1,51.8,6802,7226,3,0,11.8,57.4,288,0,0,0,0,741,0,2378527,49,59,9,11,-21067,101966,123033,165.20000000000005,19.0,0,2.5478036175710588,21.0
Ryan Bennett,Leicester,0,2,66,1,7.300000000000001,6060,4579,8,0,5.5,47.8,329,0,0,0,0,465,0,321155,10,27,0,11,-1609,2504,4014,72.09999999999998,8.0,0,2.29166666666667,21.0
George Hirst,Leicester,0,0,3,0,0.6,1983,1100,1,0,2.6,3.2,9,0,0,0,0,111,0,201,2,5,25,2,89,141,52,13.5,2.0,0,0.444444444444444,23.0
Matty James,Leicester,0,0,3,0,0.1,6726,7226,0,0,0.1,0.4,5,0,0,0,0,741,0,478120,49,59,0,1,-12384,15531,27915,164.90000000000003,19.0,0,0.232558139534884,24.0
Mohamed Salah,Liverpool,10,26,661,16,834.7999999999997,7258,7225,26,19,405.1,1061.2,2879,0,0,0,0,747,0,91794534,49,69,2156,233,-188660,4065747,4254407,474.00000000000006,19.0,1,18.687365145299413,1.0
Sadio Man?,Liverpool,10,27,689,12,826.6000000000001,7296,7225,28,18,307.69999999999993,1010.2000000000002,2745,0,0,0,0,747,0,77504230,49,69,1239,221,816955,4521162,3704207,459.79999999999984,19.0,3,18.365176437989458,2.0
Trent Alexander-Arnold,Liverpool,15,24,904,14,1380.3,6916,7225,32,4,282.79999999999995,1026.8000000000002,3173,0,0,0,0,747,0,96056828,49,69,420,210,1348300,3215101,1866801,282.20000000000005,19.0,5,28.36956408572521,3.0
Andrew Robertson,Liverpool,12,20,847,13,980.1999999999999,6878,7225,31,2,221.7,845.8,3111,0,0,0,0,747,0,55667478,49,69,389,181,-541494,1665515,2207009,265.4,19.0,2,25.946636339777807,4.0
Virgil van Dijk,Liverpool,2,14,804,15,152.39999999999998,6954,7225,33,5,154.79999999999998,930.2,3420,0,0,0,0,747,0,119071233,49,69,467,178,-391185,2305920,2697105,245.90000000000006,19.0,1,27.567817599067595,5.0
Roberto Firmino,Liverpool,9,20,592,16,703.0,7106,7225,26,9,307.5,733.6000000000001,2985,0,0,0,0,747,0,33194321,49,69,1638,155,376055,2557629,2181574,359.49999999999994,19.0,0,16.418129615554413,6.0
Alisson Ramses Becker,Liverpool,1,11,558,13,10.0,7182,7225,24,0,51.5,503.00000000000006,2543,0,0,0,1,747,58,25028207,49,69,0,122,-1123065,918190,2041255,229.09999999999985,19.0,0,20.08683570179704,7.0
Jordan Henderson,Liverpool,5,11,530,16,425.90000000000003,7524,7225,14,4,128.5,582.6,2234,0,0,0,0,747,0,3409462,49,69,275,116,16912,385303,368391,204.8000000000001,19.0,2,21.483641445905604,8.0
Georginio Wijnaldum,Liverpool,0,5,503,12,344.1000000000001,7562,7225,28,4,121.99999999999997,452.79999999999995,2933,0,0,0,0,747,0,6462802,49,69,423,107,2852,365620,362768,205.80000000000013,19.0,0,19.767676767676768,9.0
Joseph Gomez,Liverpool,0,7,461,12,105.69999999999997,6992,7225,16,0,50.9,390.59999999999997,1999,0,0,0,0,747,0,7309929,49,69,12,93,218625,753642,535017,199.50000000000014,19.0,7,17.864845845977893,10.0
Fabio Henrique Tavares,Liverpool,3,8,403,6,322.4,7486,7225,26,2,83.99999999999999,431.6,2073,0,0,0,0,747,0,3257180,49,69,85,77,-14368,157466,171834,206.90000000000012,19.0,6,14.15151515151515,11.0
Alex Oxlade-Chamberlain,Liverpool,1,2,268,8,298.2,7334,7225,12,4,99.89999999999998,300.0,1475,1,0,0,0,747,0,1441596,49,69,406,76,10857,141399,130542,236.39999999999986,19.0,1,12.275653011275688,12.0
Divock Origi,Liverpool,3,8,230,2,128.79999999999998,7144,7225,12,4,55.000000000000014,201.79999999999998,699,0,0,0,0,747,0,8123461,49,69,222,65,-178030,451364,629394,198.99999999999991,19.0,1,12.377425704562208,13.0
Naby Keita,Liverpool,3,3,224,5,234.70000000000002,7448,7225,8,2,68.7,281.79999999999995,806,0,0,0,0,747,0,735735,49,69,169,52,-16891,58335,75226,221.00000000000014,19.0,1,8.965517241379317,14.0
James Milner,Liverpool,2,3,198,4,177.09999999999997,7600,7225,9,2,51.40000000000001,237.2,924,0,0,0,0,747,0,1587786,49,69,100,49,-36219,43758,79977,202.5000000000001,19.0,4,9.183406390953566,15.0
Joel Matip,Liverpool,0,4,167,3,23.000000000000004,7030,7225,5,1,26.2,198.20000000000002,703,0,0,0,0,747,0,4954968,49,69,39,39,-45794,449791,495585,200.99999999999986,19.0,0,7.221574721574723,16.0
Adam Lallana,Liverpool,1,1,97,1,68.8,7410,7225,5,1,25.1,107.20000000000002,371,0,0,0,0,747,0,331641,49,69,74,27,-4467,6820,11287,219.89999999999986,19.0,1,4.658299752888944,17.0
Adri?n San Miguel del Castillo,Liverpool,0,0,136,2,0.0,19988,7225,10,0,13.2,131.4,873,0,0,0,0,747,18,7926406,49,69,0,27,25536,677274,651738,160.29999999999998,19.0,1,6.034161490683226,17.0
Dejan Lovren,Liverpool,1,0,147,0,28.1,7068,7225,11,0,29.799999999999997,196.6,776,0,0,0,0,747,0,713277,49,69,72,18,-2712,53403,56115,202.0000000000001,19.0,1,3.396226415094341,19.0
Xherdan Shaqiri,Liverpool,0,0,54,1,51.599999999999994,7372,7225,2,1,13.7,47.8,181,0,0,0,0,747,0,703188,49,69,37,15,-21005,9666,30671,240.00000000000014,19.0,0,2.3784722222222223,20.0
Neco Williams,Liverpool,0,3,53,1,53.30000000000001,12650,5953,2,0,20.0,49.4,228,0,0,0,0,611,0,209046,24,40,98,14,24811,42401,17590,88.0,11.0,1,3.5,21.0
Curtis Jones,Liverpool,0,0,46,1,15.600000000000001,13087,6105,1,1,12.899999999999999,49.4,121,0,0,0,0,627,0,21608,27,40,65,13,2874,5080,2206,103.5,11.0,0,2.888888888888885,22.0
Takumi Minamino,Liverpool,0,0,20,0,29.9,10620,5203,2,0,12.700000000000001,17.4,241,0,0,0,0,534,0,95608,20,35,85,11,1897,24343,22446,110.9,8.0,0,1.8223822016736948,23.0
Harvey Elliott,Liverpool,0,0,6,0,1.7,17050,6984,0,0,0.4,1.8,7,0,0,0,0,719,0,23785,38,57,0,2,545,2410,1865,139.5,16.0,0,0.444444444444444,24.0
Kevin De Bruyne,Man City,23,35,988,18,1990.7999999999995,8170,7240,22,13,432.09999999999997,1322.2000000000003,2790,0,0,0,0,743,0,119365456,58,79,1005,251,2922464,6495820,3573356,393.1,19.0,3,24.40154130733841,1.0
Raheem Sterling,Man City,6,20,642,13,751.3,8132,7240,31,20,350.2,921.5999999999998,2651,0,2,0,0,743,0,72741844,58,79,1829,204,-477027,3212394,3689421,452.1999999999999,19.0,5,17.15712200226754,2.0
Riyad Mahrez,Man City,14,17,668,10,885.8000000000001,8246,7240,15,11,279.50000000000006,814.2,1934,0,0,0,0,743,0,18347509,58,79,1094,175,569058,2750563,2181505,321.8000000000002,19.0,0,20.69977702484747,3.0
Gabriel Fernando de Jesus,Man City,8,17,535,12,447.7,8018,7240,14,14,282.1,757.5999999999998,2018,0,1,0,0,743,0,8686615,58,79,1620,146,395135,1268818,873683,363.4000000000001,19.0,3,15.223542326383207,4.0
David Silva,Man City,12,15,549,11,735.8,8322,7240,15,6,231.20000000000002,639.6,1821,0,0,0,0,743,0,17425716,58,79,937,139,306805,1891110,1584305,283.5000000000001,19.0,0,18.662060286862015,5.0
Ederson Santana de Moraes,Man City,0,2,645,16,16.0,8056,7240,31,0,62.29999999999999,608.6,3071,0,0,0,1,743,68,42141110,58,79,0,133,-306415,1374823,1681238,229.2,19.0,3,22.043715846994544,6.0
Sergio Ag?ero,Man City,6,14,509,5,256.40000000000003,7980,7240,18,16,208.20000000000002,641.1999999999998,1449,0,1,0,0,743,0,48884130,58,79,1188,132,315769,3937443,3621674,451.5,19.0,1,11.0732624799203,7.0
Bernardo Mota Veiga de Carvalho e Silva,Man City,7,7,526,9,773.1999999999998,8284,7240,24,6,232.49999999999994,626.2000000000002,2021,0,0,0,0,743,0,29458177,58,79,927,116,-1087144,1130606,2217750,297.1000000000002,19.0,5,14.862984173277317,8.0
Kyle Walker,Man City,4,7,573,12,394.40000000000003,7714,7240,24,1,100.09999999999998,435.6,2392,0,0,0,0,743,0,36637989,58,79,169,114,-291597,1280318,1571915,219.99999999999986,19.0,5,19.769254741177896,9.0
Rodrigo Hernandez,Man City,2,5,516,14,532.6,16834,7240,27,3,132.29999999999998,599.1999999999999,2480,0,0,0,0,743,0,3507688,58,79,193,92,-41575,265261,306836,206.00000000000014,19.0,8,16.981322660567933,10.0
Nicol?s Otamendi,Man City,1,6,389,7,65.49999999999999,7904,7240,21,2,82.69999999999997,443.59999999999997,1710,0,0,0,0,743,0,8079616,58,79,319,82,64905,915070,850165,194.20000000000007,19.0,3,16.085747531335766,11.0
Benjamin Mendy,Man City,2,3,378,9,403.19999999999993,7752,7240,13,0,75.5,243.0,1491,0,0,0,0,743,0,2682194,58,79,106,74,89408,427439,338031,215.09999999999997,19.0,3,13.269110558661133,12.0
Phil Foden,Man City,2,4,261,4,301.6,8360,7240,7,5,108.10000000000001,312.20000000000005,888,0,0,0,0,743,0,3542004,58,79,466,69,398569,704320,305751,198.39999999999992,19.0,0,13.247388509874623,13.0
Ilkay G?ndogan,Man City,1,4,382,7,592.3000000000001,8436,7240,28,2,137.50000000000003,408.40000000000003,2012,0,1,0,0,743,0,3919275,58,79,374,65,-113481,151550,265031,198.49999999999991,19.0,7,12.465740963521203,14.0
Aymeric Laporte,Man City,0,0,298,8,62.20000000000002,7676,7240,5,1,38.7,246.8,1096,0,0,0,0,743,0,8519583,58,79,79,63,-177299,564124,741423,240.40000000000015,19.0,1,9.956043956043949,15.0
Fernando Luiz Rosa,Man City,1,1,401,10,146.19999999999996,8398,7240,27,0,87.9,557.6,2394,1,0,0,2,743,0,1912514,58,79,175,55,-41497,56916,98413,197.69999999999996,19.0,7,10.596630524488457,16.0
Oleksandr Zinchenko,Man City,0,1,295,6,375.80000000000007,7828,7240,15,0,71.2,232.00000000000006,1271,0,0,0,1,743,0,12249531,58,79,102,49,-547991,629524,1177515,200.79999999999987,19.0,0,9.23101898101897,17.0
Jo?o Pedro Cavaco Cancelo,Man City,0,3,299,5,287.6,19684,7240,11,0,69.29999999999998,264.99999999999994,1205,0,0,0,0,743,0,2551234,58,79,141,45,-52891,137637,190528,199.59999999999988,19.0,4,8.649965318111814,18.0
Eric Garcia,Man City,0,0,189,5,42.199999999999996,17952,7111,7,0,22.200000000000003,153.0,790,0,0,0,0,728,0,384067,46,69,26,38,71081,99815,28734,148.5,17.0,1,8.444444444444425,19.0
John Stones,Man City,0,0,231,3,53.0,7866,7240,16,0,33.7,216.40000000000003,1118,0,0,0,0,743,0,3471914,58,79,66,34,-167963,116083,284046,202.40000000000012,19.0,0,6.370433898735781,20.0
Claudio Bravo,Man City,0,0,69,1,0.0,8094,7240,7,0,5.800000000000001,57.8,346,0,0,0,0,743,8,835954,58,79,0,11,-13611,23827,37438,181.89999999999984,19.0,0,2.291666666666667,21.0
Jos? ?ngel Esmor?s Tasende,Man City,1,1,94,0,164.0,16720,7240,7,0,31.599999999999998,92.60000000000001,422,0,0,0,0,743,0,486355,58,79,58,11,-11105,18959,30064,178.7,19.0,1,2.340425531914894,21.0
Leroy San?,Man City,0,0,2,0,1.1,8208,7240,0,0,1.0,0.0,11,0,0,0,0,743,0,733417,58,79,11,1,-24935,32636,57571,352.4000000000003,19.0,0,0.10752688172043,23.0
Tommy Doyle,Man City,0,0,3,0,2.0,5152,2730,0,0,1.3,3.8,15,0,0,0,0,276,0,804,11,19,7,1,90,182,92,36.0,4.0,0,0.222222222222222,23.0
Anthony Martial,Man Utd,9,14,544,14,439.29999999999995,9082,7250,27,17,259.4,855.6000000000001,2625,0,1,0,0,741,0,30963124,43,59,1297,200,1087480,4241573,3154093,298.40000000000003,19.0,1,25.252346342917615,1.0
Marcus Rashford,Man Utd,8,31,665,9,563.6999999999999,8854,7250,29,17,271.7,887.0,2645,0,2,0,0,741,0,49656655,43,59,1265,177,-100511,4285744,4386255,334.7,19.0,3,20.207720478912083,2.0
David de Gea,Man Utd,0,8,630,13,0.0,8930,7250,36,0,69.20000000000002,694.9999999999999,3420,0,0,0,0,741,95,36666958,43,59,0,143,-237940,1040059,1277999,207.00000000000014,19.0,2,26.341061105212045,3.0
Aaron Wan-Bissaka,Man Utd,4,16,659,12,443.3,4636,7250,33,0,132.79999999999998,749.2,3070,0,0,0,0,741,0,50375877,43,59,133,127,-938920,1578514,2517434,205.10000000000008,19.0,8,23.6390182144899,4.0
Harry Maguire,Man Utd,0,5,681,13,214.59999999999994,6080,7250,36,1,136.20000000000002,772.0000000000001,3420,0,0,0,0,741,0,33449396,43,59,371,123,-483380,830335,1313715,202.50000000000006,19.0,6,23.198792472377345,5.0
Bruno Miguel Borges Fernandes,Man Utd,8,18,366,9,479.29999999999995,8652,4342,6,8,139.2,551.8000000000001,1187,0,0,0,0,441,0,19670120,19,18,361,117,1877477,2409461,531984,120.5,7.0,2,13.60958383302959,6.0
Victor Lindel?f,Man Utd,0,9,618,12,73.60000000000002,8550,7250,32,1,70.70000000000002,553.9999999999998,3092,1,0,0,0,741,0,3279731,43,59,79,116,-30297,104939,135236,203.0000000000001,19.0,6,21.75528873642079,7.0
Mason Greenwood,Man Utd,1,17,430,6,222.7,8892,7250,13,10,117.0,449.6,1303,0,0,0,0,741,0,38394260,43,59,502,103,888246,3120765,2232519,168.00000000000003,19.0,0,23.25841533721065,8.0
Daniel James,Man Utd,6,2,308,7,428.1000000000001,9234,7250,29,3,145.99999999999997,415.2,2281,0,0,0,0,741,0,22456316,43,59,622,95,56749,1843586,1786837,228.00000000000006,19.0,4,15.718547427756201,9.0
Scott McTominay,Man Utd,2,6,310,3,238.39999999999998,9424,7250,20,3,96.4,415.6000000000001,1765,0,0,0,0,741,0,4283977,43,59,310,74,-13842,422330,436172,188.90000000000006,19.0,2,14.844237695078032,10.0
Luke Shaw,Man Utd,0,2,381,8,321.2,8588,7250,15,0,85.09999999999998,344.2,1730,0,0,0,0,741,0,2165132,43,59,187,67,-90646,77377,168023,205.60000000000014,19.0,7,12.377104377104382,11.0
Andreas Pereira,Man Utd,3,1,198,6,432.1,9348,7250,16,1,102.3,245.59999999999997,1478,0,0,0,0,741,0,1345436,43,59,343,60,-7340,128439,135779,187.00000000000014,19.0,3,12.102380952380955,12.0
Nemanja Matic,Man Utd,2,2,287,10,250.3,9386,7250,13,0,66.19999999999999,357.4,1578,0,0,0,0,741,0,1015516,43,59,53,55,-23309,27969,51278,183.00000000000009,19.0,2,11.454081632653063,13.0
Brandon Williams,Man Utd,1,3,228,5,191.20000000000002,17568,7052,11,1,49.20000000000001,199.99999999999997,1003,0,0,0,0,720,0,6477238,39,49,100,51,221043,744796,523753,129.2,16.0,6,12.7637750567789,14.0
Paul Pogba,Man Utd,4,2,215,6,420.00000000000006,9044,7250,9,1,90.99999999999999,295.8,1202,0,1,0,0,741,0,10865723,43,59,193,51,-325705,546530,872235,318.5000000000002,19.0,1,6.096515826840676,14.0
Frederico Rodrigues de Paula Santos,Man Utd,0,0,358,6,542.6999999999999,9272,7250,26,0,123.49999999999999,430.5999999999999,2157,0,0,0,0,741,0,612279,43,59,260,50,-1039,38526,39565,200.79999999999998,19.0,8,9.44498989726515,16.0
Juan Mata,Man Utd,2,2,139,4,293.9,9196,7250,8,0,53.4,109.2,747,0,0,0,0,741,0,993588,43,59,130,38,-18627,26333,44960,236.59999999999985,19.0,1,6.076469378277285,17.0
Jesse Lingard,Man Utd,0,0,99,1,278.2,9158,7250,14,1,68.19999999999999,109.0,923,0,0,0,0,741,0,2325247,43,59,297,32,-64912,63833,128745,240.70000000000016,19.0,3,5.045100732600734,18.0
Ashley Young,Man Utd,0,0,158,2,316.59999999999997,8512,7250,10,0,49.09999999999999,155.6,953,0,0,0,0,741,0,916382,43,59,18,24,-20055,21424,41479,205.40000000000012,19.0,5,4.444444444444441,19.0
Odion Ighalo,Man Utd,0,0,24,0,23.8,8112,4096,0,0,18.1,23.0,92,0,0,0,0,416,0,460157,19,18,135,11,12103,98171,86068,81.30000000000001,6.0,0,1.74841872761854,20.0
Eric Bailly,Man Utd,0,0,40,1,1.0,8664,7250,1,0,3.3000000000000003,32.0,148,0,0,0,0,741,0,151173,43,59,0,9,312,11749,11437,185.80000000000013,19.0,0,1.8409863945578255,21.0
Axel Tuanzebe,Man Utd,0,0,30,0,6.199999999999999,18278,7250,3,0,2.4000000000000004,17.599999999999998,187,0,0,0,0,741,0,317841,43,59,0,7,-5627,8119,13746,167.40000000000012,19.0,0,1.590909090909091,22.0
Timothy Fosu-Mensah,Man Utd,0,0,27,1,28.6,1974,1095,1,0,4.199999999999999,12.0,136,0,0,0,0,111,0,8316,5,1,6,7,3144,4184,1040,13.5,1.0,1,1.5555555555555518,22.0
Jos? Diogo Dalot Teixeira,Man Utd,0,0,10,0,4.3,8702,7250,1,0,1.9000000000000001,10.4,65,0,0,0,0,741,0,252936,43,59,6,4,-9390,2211,11601,186.30000000000013,19.0,0,0.816326530612244,24.0
Marcos Rojo,Man Utd,0,0,9,0,1.9000000000000001,8626,7250,2,0,2.8,20.200000000000003,121,0,0,0,0,741,0,365013,43,59,6,3,-7338,4863,12201,183.10000000000008,19.0,1,0.6250000000000001,25.0
Tahith Chong,Man Utd,0,0,6,0,1.1,9462,7250,0,0,0.7,1.4,34,0,0,0,0,741,0,1640748,43,59,6,3,5299,99051,93752,164.89999999999998,19.0,0,0.687103594080338,25.0
Angel Gomes,Man Utd,0,0,7,0,24.8,9310,7250,1,0,3.1,4.2,19,0,0,0,0,741,0,257458,43,59,2,2,-5695,6183,11878,182.39999999999986,19.0,0,0.41241496598639404,27.0
Phil Jones,Man Utd,0,0,22,0,3.0,8778,7250,3,0,4.7,21.4,135,0,0,0,0,741,0,410566,43,59,23,2,-9011,5213,14224,182.19999999999987,19.0,0,0.416666666666666,27.0
James Garner,Man Utd,0,0,3,0,2.8,9500,7250,1,0,0.5,2.2,8,0,0,0,0,741,0,626687,43,59,0,1,-525,29133,29658,165.40000000000006,19.0,0,0.22727272727272704,29.0
Martin Dubravka,Newcastle United,0,7,719,11,0.0,9956,7260,58,0,102.0,1019.0000000000001,3420,0,0,0,0,741,139,4016492,39,57,0,143,61586,265914,204328,190.89999999999995,19.0,0,28.501960784313713,1.0
Miguel Almir?n,Newcastle United,2,5,356,12,450.2000000000001,10108,7260,48,4,167.99999999999997,481.5999999999999,3020,0,0,0,0,741,0,1687577,39,57,750,109,-4654,139541,144195,221.50000000000014,19.0,5,18.726670563023585,2.0
Jonjo Shelvey,Newcastle United,2,15,437,8,597.4000000000001,10222,7260,34,6,150.40000000000003,559.4000000000001,2118,0,0,0,0,741,0,2105850,39,57,344,105,33937,290839,256902,189.30000000000004,19.0,3,21.143817527010807,3.0
Federico Fern?ndez,Newcastle United,3,13,507,8,74.5,9652,7260,42,2,103.69999999999996,741.0,2617,1,0,0,0,741,0,3615320,39,57,223,102,184763,465322,280559,169.70000000000002,19.0,8,22.91787439613528,4.0
Allan Saint-Maximin,Newcastle United,5,7,321,8,423.40000000000003,19000,7260,22,3,139.79999999999998,434.00000000000006,1860,0,0,0,0,741,0,2238706,39,57,542,92,77422,403258,325836,205.40000000000012,19.0,0,17.041173710985024,5.0
Joelinton C?ssio Apolin?rio de Lira,Newcastle United,2,3,236,9,433.40000000000003,17708,7260,46,2,140.50000000000003,330.8,2678,0,0,0,0,741,0,3080652,39,57,641,78,-99142,192268,291410,214.59999999999997,19.0,7,13.773466295514034,6.0
Matt Ritchie,Newcastle United,1,7,293,8,482.7,9538,7260,19,2,98.60000000000001,285.40000000000003,1312,0,1,0,0,741,0,1021974,39,57,218,74,27351,129849,102498,202.6000000000001,19.0,4,13.907375643224691,7.0
Isaac Hayden,Newcastle United,4,3,309,8,227.60000000000005,10298,7260,36,1,78.49999999999999,368.59999999999997,2220,0,0,0,1,741,0,12177165,39,57,189,73,-240210,562410,802620,167.30000000000004,19.0,4,16.626380079868458,8.0
Jamaal Lascelles,Newcastle United,0,3,358,8,28.1,9804,7260,31,1,55.7,403.0,2076,0,0,0,0,741,0,12093695,39,57,125,73,-207630,628592,836222,164.50000000000003,19.0,5,16.756971710460068,8.0
Javier Manquillo,Newcastle United,1,4,288,8,100.80000000000001,9728,7260,21,0,37.3,231.99999999999997,1597,0,0,0,0,741,0,505542,39,57,40,65,2324,37175,34851,164.90000000000003,19.0,5,15.048273431994346,10.0
Jetro Willems,Newcastle United,2,6,283,3,195.99999999999994,18924,7260,24,2,74.1,345.40000000000003,1492,0,0,0,0,741,0,3549863,39,57,198,64,10281,363879,353598,170.50000000000009,19.0,0,14.10206598828246,11.0
Dwight Gayle,Newcastle United,2,10,190,4,86.19999999999999,17174,6999,15,4,64.7,217.0,842,0,0,0,0,713,0,299287,34,45,348,58,31377,69204,37827,155.0,16.0,2,11.600000000000001,12.0
Fabian Sch?r,Newcastle United,1,2,297,4,58.300000000000004,9576,7260,38,2,67.8,440.5999999999999,1669,0,0,0,0,741,0,4155899,39,57,179,55,-55871,159594,215465,190.0,19.0,5,10.999999999999998,13.0
Ciaran Clark,Newcastle United,0,2,216,4,14.9,9842,7260,14,2,47.60000000000001,331.4,1186,0,0,0,0,741,0,747152,39,57,128,49,-3591,67678,71269,164.50000000000003,19.0,3,11.36363636363636,14.0
Paul Dummett,Newcastle United,0,4,230,5,63.10000000000001,9690,7260,20,0,37.699999999999996,265.20000000000005,1227,1,0,0,0,741,0,637324,39,57,50,44,-8864,24824,33688,167.40000000000018,19.0,2,9.914141414141417,15.0
Sean Longstaff,Newcastle United,2,0,181,2,217.1,10260,7260,26,1,60.79999999999999,235.79999999999998,1370,0,0,0,1,741,0,907176,39,57,155,44,-33260,22050,55310,190.0,19.0,2,8.800000000000002,15.0
Christian Atsu,Newcastle United,3,0,104,3,186.70000000000002,10146,7260,15,0,36.3,121.40000000000002,738,0,0,0,0,741,0,369100,39,57,55,37,-5178,24070,29248,203.6000000000002,19.0,2,6.869322152341018,17.0
Emil Krafth,Newcastle United,1,2,187,3,28.8,19722,7260,23,0,25.2,184.39999999999998,1015,0,0,0,0,741,0,190700,39,57,39,37,-1894,6327,8221,166.20000000000007,19.0,0,8.485670660089255,17.0
Andy Carroll,Newcastle United,4,0,87,2,162.0,19760,7260,10,0,51.100000000000016,136.60000000000002,617,0,0,0,0,741,0,281570,39,57,211,34,-7193,16532,23725,205.60000000000014,19.0,1,6.296296296296294,19.0
Danny Rose,Newcastle United,0,0,153,4,54.2,4980,4586,14,0,17.9,115.39999999999999,862,0,0,0,0,465,0,1460901,17,23,8,30,-1326,17291,16985,79.49999999999999,7.0,2,5.6603773584905595,20.0
Matthew Longstaff,Newcastle United,0,2,104,1,51.60000000000001,18360,7167,11,2,20.400000000000002,102.8,572,0,0,0,0,731,0,478399,35,53,49,27,7007,49385,42378,153.0,17.0,1,6.000000000000001,21.0
DeAndre Yedlin,Newcastle United,0,0,122,1,118.10000000000001,9614,7260,18,1,32.9,165.6,934,0,0,0,0,741,0,232424,39,57,43,26,746,16057,15311,167.6000000000001,19.0,3,5.90909090909091,22.0
Florian Lejeune,Newcastle United,0,1,88,1,12.6,9766,7260,10,2,22.5,132.0,440,0,0,0,0,741,0,58652,39,57,81,24,1546,9147,7601,167.50000000000014,19.0,0,5.45454545454545,23.0
Nabil Bentaleb,Newcastle United,0,0,113,2,101.00000000000001,8568,4353,16,0,22.5,104.6,747,0,0,0,0,441,0,24104,15,21,20,19,1209,4525,3316,68.1,7.0,2,3.934759009986973,24.0
Valentino Lazaro,Newcastle United,0,0,81,0,88.10000000000001,8596,4353,13,1,21.0,84.2,472,0,0,0,1,441,0,9501,15,21,38,19,360,1964,1604,75.39999999999998,7.0,0,3.5397369925671804,24.0
Yoshinori Muto,Newcastle United,0,0,25,0,15.4,9880,7260,7,0,3.7,12.600000000000001,207,0,0,0,0,741,0,261410,39,57,12,9,-6841,7294,14135,197.4999999999999,19.0,0,1.706595969082095,26.0
Sung-yueng Ki,Newcastle United,0,0,18,0,39.8,10184,7260,6,0,5.8,17.8,135,0,0,0,0,741,0,146078,39,57,0,4,-3816,1357,5173,180.69999999999987,19.0,0,0.8124149659863941,27.0
Kelland Watts,Newcastle United,0,0,3,0,0.0,10183,5032,1,0,0.2,2.0,16,0,0,0,0,510,0,98545,18,25,0,1,10092,17338,7246,66.89999999999999,8.0,0,0.25641025641025605,28.0
Teemu Pukki,Norwich,3,21,444,6,379.50000000000006,10564,7266,59,11,211.79999999999998,544.9999999999999,2884,0,0,0,0,741,0,51963947,44,57,1202,139,225471,3965479,3740008,252.6,19.0,3,20.898489330645813,1.0
Todd Cantwell,Norwich,2,10,410,6,493.1,10906,7266,54,6,165.89999999999998,516.4000000000001,2484,0,0,0,0,741,0,50582028,44,57,656,111,756771,3932242,3175471,179.9,19.0,6,23.60352281523154,2.0
Tim Krul,Norwich,0,10,668,5,0.0,10640,7266,68,0,106.3,1063.0000000000005,3240,1,0,2,0,741,131,5320142,44,57,0,109,47140,293583,246443,171.89999999999995,19.0,4,24.13526570048307,3.0
Emiliano Buend?a,Norwich,7,12,464,3,1196.6999999999998,10754,7266,54,1,231.09999999999997,711.6,2458,0,0,0,1,741,0,2533560,44,57,401,94,-8492,223313,231805,228.0,19.0,6,15.666666666666657,4.0
Kenny McLean,Norwich,1,0,424,5,423.90000000000003,10868,7266,63,1,120.4,505.80000000000007,2965,0,0,0,0,741,0,459657,44,57,274,77,-5461,13453,18914,185.4000000000002,19.0,5,15.791496598639458,5.0
Alexander Tettey,Norwich,1,3,404,5,116.49999999999999,10982,7266,44,1,64.89999999999998,358.0000000000001,2339,0,0,0,0,741,0,757540,44,57,173,67,4222,54744,50522,170.60000000000002,19.0,5,14.919191919191919,6.0
Maximillian Aarons,Norwich,2,3,489,5,385.20000000000005,10412,7266,71,0,119.0,566.6,3240,0,0,0,0,741,0,3740163,44,57,237,66,-95664,119383,215047,165.90000000000006,19.0,7,15.201315480385235,7.0
Onel Hern?ndez,Norwich,2,0,173,1,235.50000000000006,10792,7266,32,1,90.5,227.20000000000002,1374,0,0,0,0,741,0,202624,44,57,445,52,-10631,7439,18070,202.0000000000001,19.0,0,9.804459691252148,8.0
Jamal Lewis,Norwich,0,3,384,3,262.2,10488,7266,56,1,83.30000000000001,439.0,2301,0,0,0,0,741,0,784910,44,57,130,48,-4449,40922,45371,169.60000000000008,19.0,4,10.803030303030296,9.0
Ben Godfrey,Norwich,0,0,447,3,57.00000000000001,10374,7266,62,0,78.3,602.8,2644,1,0,0,1,741,0,519934,44,57,119,38,-9069,16691,25760,168.40000000000012,19.0,3,8.585858585858578,10.0
Christoph Zimmermann,Norwich,1,1,247,3,25.5,10450,7266,27,0,45.599999999999994,366.4000000000001,1430,0,0,0,0,741,0,79032,44,57,62,35,-413,4572,4985,168.20000000000013,19.0,3,7.949494949494948,11.0
Marco Stiepermann,Norwich,0,0,96,1,188.1,10830,7266,32,0,58.49999999999999,120.20000000000002,1173,0,0,0,0,741,0,219885,44,57,277,32,-5718,6382,12100,197.19999999999993,19.0,6,6.078092516272317,12.0
Sam Byram,Norwich,0,2,201,3,109.2,17252,7266,23,0,60.199999999999996,273.19999999999993,1292,0,0,0,0,741,0,322866,44,57,218,32,-5123,6917,12040,166.70000000000016,19.0,4,7.267676767676768,12.0
Mario Vrancic,Norwich,0,1,116,0,107.89999999999998,10716,7266,19,1,35.400000000000006,123.0,624,0,0,0,0,741,0,213424,44,57,123,29,-10318,4684,15002,236.59999999999985,19.0,3,4.66733870967742,14.0
Tom Trybull,Norwich,0,0,172,2,55.400000000000006,11020,7266,25,0,34.7,198.19999999999996,1128,0,0,0,0,741,0,1899004,44,57,92,28,-27193,54649,81842,168.40000000000015,19.0,2,6.253229974160204,15.0
Josip Drmic,Norwich,0,0,67,0,67.30000000000001,16492,7266,13,1,35.3,59.600000000000016,636,0,0,0,1,741,0,197049,44,57,231,26,-9063,6571,15634,203.6000000000002,19.0,0,4.860364652817483,16.0
Ondrej Duda,Norwich,1,0,131,3,261.6,9616,4829,9,0,48.3,115.80000000000003,723,0,0,0,0,488,0,117485,14,20,105,24,3986,20967,16981,75.20000000000002,8.0,0,4.928490616104598,17.0
Grant Hanley,Norwich,0,1,214,2,3.6000000000000005,10526,7266,25,0,40.00000000000001,318.79999999999995,1261,1,0,0,0,741,0,6435182,44,57,76,23,-59345,344098,403443,152.59999999999997,19.0,4,5.75,18.0
Lukas Rupp,Norwich,0,0,79,1,109.1,9632,4829,18,0,26.400000000000002,70.2,692,0,0,0,0,488,0,10570,14,20,88,19,581,1797,1216,71.3,8.0,1,4.257575757575756,19.0
Ibrahim Amadou,Norwich,0,0,122,1,18.3,19266,7266,20,0,22.700000000000003,177.2,756,0,0,0,0,741,0,245968,44,57,31,18,-299,11808,12107,171.0,19.0,1,3.9999999999999964,20.0
Moritz Leitner,Norwich,0,0,102,1,127.69999999999999,10944,7266,16,0,28.8,106.8,683,0,0,0,0,741,0,610599,44,57,53,16,-9228,26483,35711,166.80000000000013,19.0,1,3.5555555555555522,21.0
Adam Idah,Norwich,0,0,25,0,18.200000000000003,18292,7182,9,0,7.1,13.799999999999999,219,0,0,0,0,731,0,278654,39,46,47,13,4253,21762,17509,150.8000000000001,17.0,0,2.9545454545454524,22.0
Dennis Srbeny,Norwich,0,1,50,0,3.4,10602,7266,2,1,7.000000000000001,44.2,41,0,0,0,0,741,0,120939,44,57,25,13,-3128,5197,8325,199.29999999999987,19.0,0,2.478363704778795,22.0
Michael McGovern,Norwich,0,2,46,0,0.0,10678,7266,6,0,6.5,65.0,158,0,0,1,0,741,7,16470383,44,57,0,11,14691,405598,390907,152.89999999999995,19.0,0,2.75,24.0
Timm Klose,Norwich,0,0,77,0,2.6,10336,7266,13,0,16.6,121.19999999999999,585,0,0,0,0,741,0,100486,44,57,42,9,-4744,1896,6640,165.60000000000005,19.0,0,2.0930232558139528,25.0
Josh Martin,Norwich,0,0,14,0,0.7999999999999999,5688,3023,2,0,2.5,6.6,32,0,0,0,0,306,0,1202,12,12,17,5,97,263,166,40.5,5.0,0,1.1111111111111098,26.0
Patrick Roberts,Norwich,0,0,12,0,0.6,16530,7266,2,0,0.5,4.4,24,0,0,0,0,741,0,155233,44,57,0,3,-6280,1696,7976,196.39999999999995,19.0,0,0.5660377358490569,27.0
Akin Famewo,Norwich,0,0,3,0,0.0,17112,7020,0,0,0.0,0.0,1,0,0,0,0,713,0,136246,37,39,0,1,1358,7756,6398,123.10000000000005,16.0,0,0.25641025641025605,28.0
Jordan Thomas,Norwich,0,0,3,0,0.0,4550,2419,0,0,0.0,0.0,1,0,0,0,0,245,0,5177,8,12,0,1,708,1141,433,28.0,3.0,0,0.25,28.0
Ralf Fahrmann,Norwich,0,0,6,0,0.0,17062,7266,1,0,0.4,4.0,21,0,0,0,0,741,1,915601,44,57,0,1,-22873,5345,28218,167.5000000000001,19.0,0,0.22727272727272704,28.0
Dean Henderson,Sheffield United,1,16,688,13,10.0,17898,7272,33,0,74.80000000000001,718.8000000000001,3240,0,0,1,0,743,97,27138938,30,48,18,160,1283386,2413065,1129679,184.89999999999998,19.0,2,32.97224042199623,1.0
John Lundstram,Sheffield United,4,15,539,10,382.9000000000002,11286,7272,29,5,133.89999999999998,502.79999999999995,2452,0,0,0,0,743,0,100372019,30,48,449,144,1864390,4583180,2718790,180.59999999999997,19.0,5,30.92472855913316,2.0
Enda Stevens,Sheffield United,4,8,639,13,554.4999999999999,11058,7272,39,2,153.5,641.0000000000001,3345,0,0,0,0,743,0,6722193,30,48,338,142,450648,930201,479553,193.19999999999985,19.0,7,27.997586726998463,3.0
George Baldock,Sheffield United,4,7,602,13,485.7,11172,7272,39,2,128.60000000000002,559.8,3420,0,0,0,0,743,0,19733628,30,48,241,142,993123,1981337,988214,183.19999999999996,19.0,7,29.78109043802532,3.0
John Egan,Sheffield United,1,9,592,13,25.4,11210,7272,33,2,125.39999999999998,641.4000000000002,3187,0,0,0,1,743,0,5073986,30,48,587,133,692565,1102278,409713,172.09999999999994,19.0,3,29.44506115736456,5.0
Chris Basham,Sheffield United,1,6,639,13,212.10000000000002,16074,7272,37,0,102.70000000000002,707.5999999999999,3242,0,0,0,0,743,0,2528682,30,48,103,123,163014,347913,184899,171.99999999999994,19.0,4,27.173913043478258,6.0
Jack O'Connell,Sheffield United,1,6,552,12,262.3,11134,7272,28,0,108.60000000000001,576.6,2915,0,0,0,0,743,0,5199937,30,48,246,111,114001,648651,534650,173.69999999999993,19.0,4,24.36920546818788,7.0
John Fleck,Sheffield United,2,13,464,8,648.8000000000001,11438,7272,30,5,159.60000000000005,527.4000000000001,2515,0,0,0,0,743,0,6709015,30,48,419,101,302675,1314244,1011569,185.2,19.0,8,20.731285067218366,8.0
Oliver Norwood,Sheffield United,3,6,563,13,808.8,11476,7272,36,1,151.80000000000004,608.4000000000001,3089,0,0,0,0,743,0,1198580,30,48,100,98,59223,182687,123464,185.50000000000006,19.0,8,20.076501664495584,9.0
Oliver McBurnie,Sheffield United,1,6,300,9,186.90000000000003,19038,7272,25,6,143.7,424.4000000000001,2105,0,0,0,0,743,0,656726,30,48,830,86,51532,147557,96025,217.8999999999999,19.0,4,15.081751853199753,10.0
Lys Mousset,Sheffield United,4,11,248,3,163.10000000000002,2660,7272,15,6,98.10000000000002,302.99999999999994,1223,0,0,0,0,743,0,7404198,30,48,530,84,238069,1119266,881197,180.70000000000002,19.0,1,17.400195838434055,11.0
David McGoldrick,Sheffield United,2,6,201,7,268.4,11514,7272,18,2,115.19999999999999,303.4,1810,0,0,0,0,743,0,575693,30,48,584,65,1653,61731,60078,205.90000000000015,19.0,2,12.01010101010101,12.0
Billy Sharp,Sheffield United,2,9,159,4,186.2,11324,7272,10,3,69.9,175.39999999999995,1037,0,0,0,1,743,0,1252024,30,48,348,57,-33215,108672,141887,213.79999999999998,19.0,1,10.19352634167037,13.0
Sander Berge,Sheffield United,1,3,147,4,66.0,8694,4355,11,1,30.3,152.4,943,0,0,0,0,443,0,147055,7,23,82,40,17672,35240,17568,67.20000000000002,7.0,0,8.385996526270082,14.0
Callum Robinson,Sheffield United,2,1,73,2,72.8,17214,7272,6,1,30.399999999999995,79.80000000000001,669,0,0,0,0,743,0,988493,30,48,156,33,-48022,49981,98003,194.40000000000003,19.0,1,6.236006986395449,15.0
Ben Osborn,Sheffield United,0,0,84,2,108.5,17936,7272,4,0,25.3,78.40000000000002,590,0,0,0,0,743,0,95012,30,48,65,19,-1551,2153,3704,180.3999999999999,19.0,0,4.029436242582141,16.0
Jack Robinson,Sheffield United,0,2,87,1,30.400000000000002,8554,4355,11,0,14.0,106.8,504,0,0,0,0,443,0,591802,7,23,2,14,67098,120141,53043,56.0,7.0,0,3.5,17.0
Luke Freeman,Sheffield United,0,0,38,1,77.4,16758,7272,5,0,14.900000000000002,46.2,360,0,0,0,0,743,0,211007,30,48,25,13,-5632,6043,11675,195.99999999999994,19.0,2,2.452462787756905,18.0
Muhamed Be?i?,Sheffield United,0,0,40,0,21.500000000000004,19836,7272,2,0,8.5,34.2,243,0,0,0,0,743,0,431125,30,48,29,9,-7210,14127,21337,167.7000000000002,19.0,2,2.0404040404040393,19.0
Phil Jagielka,Sheffield United,0,0,50,0,4.8,16872,7272,6,0,8.200000000000001,75.4,240,0,0,0,0,743,0,1133372,30,48,2,6,-25482,27822,53304,160.5,19.0,0,1.407953205173851,20.0
Richairo Zivkovic,Sheffield United,0,0,15,0,28.6,8708,4355,4,0,6.1,9.399999999999999,107,0,0,0,0,443,0,21159,7,23,22,5,1465,4530,3065,66.70000000000002,7.0,0,1.063829787234045,21.0
Simon Moore,Sheffield United,0,0,23,0,0.0,16568,7272,6,0,2.8,28.0,180,0,0,0,0,743,5,256985,30,48,0,3,-2159,7082,9241,166.0000000000001,19.0,0,0.692389006342494,22.0
Kieron Freeman,Sheffield United,0,0,5,0,0.3,11096,7272,0,0,0.0,0.0,6,0,0,0,0,743,0,284000,30,48,0,2,-5139,7621,12760,161.89999999999992,19.0,0,0.4761904761904761,23.0
Leon Clarke,Sheffield United,0,0,3,0,1.6,17504,7090,2,0,1.0,4.0,33,0,0,0,0,722,0,192643,22,43,6,2,2468,14583,12115,142.60000000000008,16.0,0,0.44949494949494906,23.0
Jack Rodwell,Sheffield United,0,0,3,0,0.0,10047,5030,0,0,0.1,1.2,15,0,0,0,0,512,0,14736,9,25,0,1,947,2441,1494,76.5,9.0,0,0.222222222222222,25.0
Ravel Morrison,Sheffield United,0,0,0,0,0.6,17328,7272,0,0,0.2,0.0,12,0,0,0,0,743,0,250984,30,48,4,1,-9971,4370,14341,176.89999999999995,19.0,0,0.204081632653061,25.0
Danny Ings,Southampton,2,40,736,6,458.30000000000007,11894,7302,44,22,302.40000000000003,1009.9999999999999,2800,0,1,0,0,741,0,45164585,65,46,1558,198,2181700,4543097,2361397,250.89999999999995,19.0,3,30.248883426473192,1.0
James Ward-Prowse,Southampton,4,8,587,9,989.9,12198,7302,60,5,240.69999999999996,864.6000000000001,3420,0,2,0,0,741,0,3757534,65,46,548,117,46559,384945,338386,220.5999999999999,19.0,9,20.187978713586993,2.0
Nathan Redmond,Southampton,4,8,412,7,539.1,12160,7302,51,4,181.19999999999996,517.2,2763,0,0,0,0,741,0,2178231,65,46,752,107,-74554,145069,219623,237.2999999999998,19.0,2,17.147162649178778,3.0
Alex McCarthy,Southampton,0,8,491,7,10.0,12084,7302,35,0,66.00000000000001,652.0,2520,0,0,1,0,741,79,5375835,65,46,0,104,221783,524913,303130,167.1,19.0,0,23.589499647639173,4.0
Stuart Armstrong,Southampton,4,10,301,7,274.90000000000003,12274,7302,25,5,112.39999999999999,418.1999999999999,1706,0,0,0,0,741,0,695418,65,46,431,98,65284,139396,74112,199.19999999999987,19.0,4,18.814162427369972,5.0
Jack Stephens,Southampton,3,8,432,7,101.50000000000001,11704,7302,39,1,76.6,566.1999999999999,2451,0,0,0,1,741,0,3309691,65,46,97,85,150263,405292,255029,166.3,19.0,4,19.535588442565174,6.0
Jan Bednarek,Southampton,1,5,539,7,45.5,11666,7302,57,1,87.50000000000001,729.8000000000001,3057,1,0,0,0,741,0,2240183,65,46,95,84,37786,155983,118197,168.70000000000013,19.0,4,18.96464646464645,7.0
Che Adams,Southampton,4,8,242,4,184.90000000000003,16606,7302,17,4,92.30000000000001,226.20000000000005,1095,0,0,0,0,741,0,1187911,65,46,524,78,-56094,42447,98541,207.0000000000002,19.0,0,14.421484141181658,8.0
Pierre-Emile H?jbjerg,Southampton,3,1,412,7,469.0,12350,7302,51,0,133.1,493.0,2750,0,0,0,0,741,0,1186714,65,46,368,75,-31066,54546,85612,183.40000000000006,19.0,5,15.545068027210894,9.0
Ryan Bertrand,Southampton,1,0,432,7,538.5,11590,7302,52,1,121.10000000000002,436.8,2742,0,0,0,1,741,0,1943348,65,46,234,75,-1525,99754,101279,183.70000000000007,19.0,3,15.595578231292524,9.0
Shane Long,Southampton,3,4,159,5,264.80000000000007,11970,7302,20,2,99.39999999999999,190.79999999999998,1386,0,0,0,0,741,0,6582880,65,46,536,62,-215082,243220,458302,177.59999999999988,19.0,0,13.423708521336382,11.0
Jannik Vestergaard,Southampton,0,6,286,4,81.29999999999998,11552,7302,26,1,62.800000000000004,363.8,1496,0,0,0,0,741,0,7623507,65,46,183,51,63061,527526,464465,182.4,19.0,3,10.537877893632373,12.0
Oriol Romeu Vidal,Southampton,0,1,301,5,272.9,12464,7302,38,0,67.60000000000001,333.20000000000005,1855,0,0,0,0,741,0,3478349,65,46,69,51,5613,202467,196854,166.50000000000009,19.0,5,11.596546863988715,12.0
Michael Obafemi,Southampton,2,2,165,3,130.7,11932,7302,12,3,53.4,170.8,655,0,0,0,0,741,0,541737,65,46,235,45,-5888,24422,30310,187.00000000000014,19.0,1,9.171428571428581,14.0
C?dric Soares,Southampton,1,3,222,3,197.1,11664,2927,18,0,59.699999999999996,291.2,1306,0,0,0,0,300,0,366800,46,27,107,43,-4031,16297,26328,116.29999999999995,12.0,1,8.920068027210887,15.0
Moussa Djenepo,Southampton,2,3,151,2,153.39999999999998,16644,7302,14,2,62.9,224.39999999999998,920,0,0,0,1,741,0,261172,65,46,252,40,-3033,30808,33841,199.19999999999987,19.0,4,7.578347578347574,16.0
Sofiane Boufal,Southampton,3,0,99,1,203.70000000000002,19304,7302,17,0,62.00000000000001,149.39999999999998,753,0,0,0,0,741,0,287270,65,46,267,34,-2584,16284,18868,209.0,19.0,2,6.181818181818182,17.0
Angus Gunn,Southampton,0,3,166,2,0.0,12122,7302,25,0,22.1,219.40000000000003,900,0,0,0,0,741,30,5016622,65,46,0,29,3643,262858,259215,165.7999999999999,19.0,0,6.444444444444446,18.0
Kyle Walker-Peters,Southampton,1,2,150,2,66.10000000000001,5055,4614,8,0,20.599999999999998,113.80000000000001,703,0,0,0,0,465,0,648928,21,19,30,27,15854,28457,12122,65.99999999999999,7.0,1,6.136363636363628,19.0
William Smallbone,Southampton,2,1,84,3,53.199999999999996,11096,5464,4,0,16.5,70.19999999999999,389,0,0,0,0,551,0,11850,27,24,43,24,1200,2407,1207,85.5,10.0,0,5.333333333333332,20.0
Yan Valery,Southampton,1,0,93,1,44.2,11628,7302,20,0,23.3,111.99999999999999,778,0,0,0,0,741,0,517745,65,46,77,18,-19105,9698,28803,178.29999999999987,19.0,1,3.8198196114708645,21.0
Maya Yoshida,Southampton,0,1,85,1,3.7,11780,7302,18,0,17.7,96.80000000000001,558,0,0,0,0,741,0,755748,65,46,77,10,-14904,16925,31829,162.39999999999995,19.0,1,2.267911674888418,22.0
Kevin Danso,Southampton,1,0,46,1,26.000000000000004,19684,7299,8,0,8.9,58.39999999999999,275,0,0,0,1,740,0,79969,65,43,6,9,206,4611,4405,158.89999999999992,19.0,0,2.0050505050505008,23.0
Jake Vokins,Southampton,0,0,10,0,16.7,5160,2736,1,0,2.8,8.4,90,0,0,0,0,276,0,8809,12,9,3,2,1312,2046,734,32.0,4.0,0,0.5,24.0
Nathan Tella,Southampton,0,0,3,0,0.0,5697,3033,0,0,2.0,3.0,2,0,0,0,0,306,0,324,15,9,17,1,15,75,60,40.5,4.0,0,0.222222222222222,25.0
Heung-Min Son,Tottenham,13,18,544,7,606.1,12996,7293,32,11,254.59999999999997,800.6000000000001,2478,0,1,0,2,741,0,23148270,42,66,1144,169,378671,3777991,3399320,370.10000000000014,19.0,0,17.4120819562135,1.0
Harry Kane,Tottenham,2,26,587,6,391.00000000000006,12844,7293,36,18,230.60000000000002,843.8000000000001,2588,0,0,0,0,741,0,43332647,42,66,1071,158,-1033593,2313952,3347545,414.5,19.0,4,14.440688812248444,2.0
Serge Aurier,Tottenham,7,15,623,9,508.09999999999997,12768,7293,33,1,141.60000000000002,655.1999999999999,2699,1,0,0,1,741,0,13460094,42,66,252,124,502030,1597393,1095363,189.29999999999995,19.0,2,25.026680672268906,3.0
Bamidele Alli,Tottenham,6,12,349,4,328.6,13072,7293,25,8,148.89999999999998,531.1999999999999,1845,0,0,0,0,741,0,12645942,42,66,627,117,70490,1700172,1629682,321.70000000000016,19.0,2,13.769788359302067,4.0
Lucas Rodrigues Moura da Silva,Tottenham,5,3,330,6,477.1,13110,7293,29,4,172.10000000000002,494.6000000000001,2235,0,0,0,0,741,0,13807849,42,66,751,100,-447829,831218,1279047,271.19999999999993,19.0,3,14.055924253406399,5.0
Hugo Lloris,Tottenham,0,13,422,6,0.0,12920,7293,21,0,56.49999999999999,564.6,1808,0,0,1,0,741,80,12742608,42,66,0,98,-359345,337864,697209,203.40000000000012,19.0,0,18.332761578044583,6.0
Toby Alderweireld,Tottenham,2,6,576,7,195.99999999999997,12578,7293,39,2,115.19999999999997,773.6,2957,1,0,0,0,741,0,14968614,42,66,182,97,-180110,405339,585449,204.60000000000022,19.0,7,18.070707070707062,7.0
Moussa Sissoko,Tottenham,1,0,386,7,275.7,13262,7293,31,2,81.0,345.99999999999994,2451,0,0,0,0,741,0,4685611,42,66,189,69,-67201,236117,303318,185.7000000000002,19.0,8,14.080952380952388,8.0
Erik Lamela,Tottenham,5,2,220,5,284.20000000000005,13148,7293,12,2,84.49999999999999,226.2,1203,0,0,0,0,741,0,4657977,42,66,337,65,-23663,499064,522727,220.19999999999985,19.0,3,11.109145815358058,9.0
Davinson S?nchez,Tottenham,2,4,443,4,31.000000000000014,12654,7293,37,0,66.49999999999999,550.0,2431,0,0,0,0,741,0,2600179,42,66,82,64,-28949,62542,91491,202.80000000000013,19.0,6,12.041166380789027,10.0
Jan Vertonghen,Tottenham,1,5,346,4,56.10000000000001,12540,7293,24,1,51.900000000000006,398.3999999999999,1644,0,0,0,0,741,0,4867111,42,66,63,62,-137767,136823,274590,199.19999999999987,19.0,2,11.879535558780844,11.0
Paulo Gazzaniga,Tottenham,0,6,300,2,10.0,12958,7293,26,0,46.1,449.80000000000007,1612,0,0,1,0,741,59,6273655,42,66,0,58,63385,554032,490647,167.19999999999985,19.0,1,12.854429022275335,12.0
Giovani Lo Celso,Tottenham,3,3,250,6,459.4,19874,7293,18,0,93.89999999999999,303.20000000000005,1482,0,0,0,0,741,0,873222,42,66,176,54,-24768,37375,62143,278.20000000000016,19.0,6,7.388103171664814,13.0
Harry Winks,Tottenham,0,0,369,6,323.40000000000003,13186,7293,31,0,76.1,361.79999999999995,2223,0,0,0,0,741,0,778590,42,66,74,52,-12934,20943,33877,200.69999999999985,19.0,9,9.847688300518488,14.0
Christian Eriksen,Tottenham,2,6,205,1,348.90000000000003,13034,7293,18,2,83.3,262.4,1090,0,0,0,0,741,0,8313537,42,66,225,48,-311526,143182,454708,329.60000000000014,19.0,5,5.506414373044851,15.0
Tanguy Ndombele,Tottenham,2,2,220,1,194.8,16796,7293,17,2,59.2,274.2,1002,0,0,0,0,741,0,8535880,42,66,122,45,-243057,590968,834025,222.90000000000018,19.0,3,7.59477888174557,16.0
Steven Bergwijn,Tottenham,1,5,141,2,187.3,8610,4358,9,3,50.8,174.20000000000002,699,0,0,0,0,441,0,1440080,15,23,147,43,115194,362732,247538,102.5,7.0,2,5.819622975310884,17.0
Ben Davies,Tottenham,0,2,223,4,172.4,12502,7293,19,0,54.39999999999999,279.8,1430,0,0,0,0,741,0,422217,42,66,94,41,3567,24642,21075,204.1000000000002,19.0,6,7.7011625690870895,18.0
Eric Dier,Tottenham,2,0,172,3,100.19999999999996,13300,7293,23,0,45.6,297.2,1340,0,0,0,0,741,0,525796,42,66,56,36,-6636,16543,23179,185.2000000000002,19.0,5,7.431972789115644,19.0
Danny Rose,Tottenham,0,0,137,1,176.6,7636,2695,14,0,38.6,173.0,891,0,0,0,0,276,0,2960828,26,41,36,17,-106507,105274,211781,124.50000000000001,11.0,5,3.1148592846706076,20.0
Japhet Tanganga,Tottenham,0,0,100,2,17.2,11660,5640,7,0,17.099999999999998,134.4,525,0,0,0,0,570,0,1816354,20,30,20,17,88802,307098,218296,80.20000000000003,10.0,1,4.225609756097561,20.0
Ryan Sessegnon,Tottenham,0,0,41,0,39.900000000000006,19912,7293,5,0,11.9,45.4,341,0,0,0,0,741,0,224019,42,66,34,9,-15413,5800,21213,205.50000000000014,19.0,0,1.666666666666665,22.0
Gedson Carvalho Fernandes,Tottenham,0,0,20,0,34.3,9680,4827,1,0,7.2,17.2,62,0,0,0,0,488,0,36362,16,25,20,7,1542,6680,5138,76.0,8.0,0,1.4599635321288553,23.0
Oliver Skipp,Tottenham,0,0,23,0,1.6,13376,7293,1,0,1.8,15.2,74,0,0,0,0,741,0,1484880,42,66,0,7,-1702,57826,59528,165.90000000000006,19.0,0,1.6074868284170611,23.0
Kyle Walker-Peters,Tottenham,0,0,44,0,42.5,7751,2695,4,0,11.600000000000001,54.400000000000006,241,0,0,0,0,276,0,1923178,26,41,18,5,-205127,95403,300530,106.90000000000003,11.0,0,1.0,25.0
Juan Foyth,Tottenham,0,0,9,0,12.5,12730,7293,3,0,3.1,18.599999999999998,66,0,0,0,0,741,0,101185,42,66,0,3,-1357,2823,4180,185.2000000000002,19.0,1,0.612244897959183,26.0
Troy Parrott,Tottenham,0,0,6,0,0.1,19342,7293,0,0,0.0,0.2,6,0,0,0,0,741,0,2268144,42,66,0,2,-16993,89376,106369,166.70000000000013,19.0,0,0.45983086680761104,27.0
Georges-K?vin Nkoudou,Tottenham,0,0,3,0,0.0,20026,7293,0,0,1.8,0.0,2,0,0,0,0,741,0,34692,42,66,18,1,-763,1778,2541,190.0,19.0,0,0.2,28.0
Victor Wanyama,Tottenham,0,0,5,0,0.9,13224,7293,2,0,0.2,1.2,24,0,0,0,0,741,0,261600,42,66,0,1,-3268,5457,8725,182.69999999999982,19.0,1,0.204081632653061,28.0
Ben Foster,Watford,0,17,686,9,10.1,13908,7301,64,0,93.49999999999999,904.5999999999999,3420,0,0,1,0,741,117,8118039,41,59,17,137,50986,479379,428393,185.00000000000003,19.0,1,28.253571428571426,1.0
Abdoulaye Doucour?,Watford,4,9,459,10,539.0,13984,7301,61,4,173.40000000000003,529.5999999999999,3156,1,0,0,0,741,0,4495683,41,59,667,113,-92495,350150,442645,215.19999999999993,19.0,9,20.017817857846772,2.0
Troy Deeney,Watford,2,15,403,6,378.5,13756,7301,39,10,171.4,536.0,2224,0,1,0,0,741,0,3460723,41,59,801,109,-85685,364771,450456,236.89999999999992,19.0,3,17.527827011697983,3.0
Isma?la Sarr,Watford,7,7,300,6,391.90000000000003,19950,7301,35,5,142.2,392.0,2023,0,0,0,0,741,0,2065181,41,59,637,107,29515,435664,406149,237.09999999999997,19.0,1,17.313100304989298,4.0
Gerard Deulofeu,Watford,5,9,330,8,602.3000000000001,13794,7301,33,4,195.4,458.4,2097,0,0,0,0,741,0,6546527,41,59,896,88,-263671,406671,670342,233.39999999999986,19.0,3,14.35159463824853,5.0
Etienne Capoue,Watford,4,7,394,8,313.6,14174,7301,48,0,90.0,482.8000000000001,2627,0,0,0,0,741,0,1070466,41,59,102,78,-39848,44155,84003,183.20000000000007,19.0,8,16.20408163265307,6.0
Craig Cathcart,Watford,0,3,441,9,34.800000000000004,13604,7301,37,0,55.10000000000001,458.0,2488,0,0,0,0,741,0,6664337,41,59,57,77,-71762,416239,488001,165.20000000000002,19.0,7,17.67535823349775,7.0
Christian Kabasele,Watford,2,4,382,7,55.300000000000004,13452,7301,35,0,69.89999999999999,477.0000000000001,2250,0,0,0,2,741,0,934126,41,59,164,73,14096,90958,76862,164.30000000000004,19.0,1,16.96088794926004,8.0
Adam Masina,Watford,0,4,281,6,201.3,13490,7301,31,1,66.4,351.2,1815,0,0,0,0,741,0,439119,41,59,109,66,16529,49988,33459,164.50000000000003,19.0,3,15.348837209302323,9.0
Will Hughes,Watford,1,3,265,5,413.09999999999997,14060,7301,46,1,103.6,352.19999999999993,2249,0,0,0,0,741,0,1023681,41,59,270,62,-6914,64826,71740,205.1000000000002,19.0,9,11.433517565593048,10.0
Craig Dawson,Watford,0,2,353,4,67.50000000000001,16682,7301,49,2,102.09999999999998,550.6,2359,0,0,0,0,741,0,585603,41,59,403,61,1605,38449,36844,183.60000000000008,19.0,6,12.662414965986398,11.0
Roberto Pereyra,Watford,0,0,194,5,293.40000000000015,14022,7301,27,3,87.99999999999999,237.79999999999998,1641,0,0,0,0,741,0,2513296,41,59,350,60,-213813,38089,251902,215.09999999999985,19.0,4,10.601125475875548,12.0
Francisco Femen?a Far,Watford,1,0,366,5,320.9,13566,7301,46,0,74.4,363.2000000000001,2236,0,0,0,0,741,0,1569088,41,59,58,54,7755,150742,142987,161.69999999999993,19.0,5,12.794372294372295,13.0
Andre Gray,Watford,1,2,117,0,129.49999999999997,13832,7301,17,2,51.2,106.20000000000002,741,0,0,0,0,741,0,1169965,41,59,287,39,-34219,44428,78647,214.59999999999997,19.0,1,6.788956012048078,14.0
Danny Welbeck,Watford,1,3,93,1,51.5,19456,7301,15,2,53.0,128.2,813,0,0,0,0,741,0,393807,41,59,350,39,-3233,26024,29257,222.10000000000016,19.0,0,6.698032339762314,14.0
Daryl Janmaat,Watford,1,7,148,4,108.4,13642,7301,5,0,27.099999999999998,116.0,606,1,0,0,0,741,0,2126794,41,59,46,36,-11674,223196,234870,158.89999999999995,19.0,1,8.361522198731496,16.0
Nathaniel Chalobah,Watford,1,2,142,2,130.29999999999998,14212,7301,14,0,34.5,162.19999999999996,919,0,0,0,0,741,0,588637,41,59,55,36,-5995,22687,28682,168.0000000000001,19.0,1,8.17676767676767,16.0
Tom Cleverley,Watford,0,2,153,1,219.2,14098,7301,26,1,61.599999999999994,174.80000000000004,964,0,0,0,0,741,0,368878,41,59,221,33,-5012,21918,26930,184.3000000000001,19.0,2,6.760714285714282,18.0
Adrian Mariappa,Watford,0,1,185,3,75.19999999999999,13528,7301,33,0,31.700000000000003,216.59999999999997,1509,1,0,0,1,741,0,603434,41,59,32,26,-1572,34634,36206,161.29999999999998,19.0,4,6.206584113560863,19.0
Jos? Holebas,Watford,1,0,153,2,208.4,13414,7301,28,0,44.1,171.39999999999995,1022,0,0,0,0,741,0,3028724,41,59,62,21,-218739,23468,242207,177.79999999999993,19.0,5,4.479170521122416,20.0
Ignacio Pussetto,Watford,0,0,20,0,5.0,9664,4821,3,0,3.5999999999999996,29.4,67,0,0,0,0,488,0,5451,18,28,2,6,123,799,676,75.7,8.0,1,1.2342388944476963,21.0
Domingos Quina,Watford,0,0,10,0,0.8,14250,7301,2,0,1.5,7.4,18,0,0,0,0,741,0,270214,41,59,7,4,-2969,10056,13025,167.00000000000017,19.0,0,0.9040404040404032,22.0
Isaac Success Ajayi,Watford,0,0,8,0,13.600000000000001,13870,7301,3,0,3.7,6.2,65,0,0,0,0,741,0,1118623,41,59,17,4,-36817,23170,59987,182.19999999999982,19.0,1,0.820748299319727,22.0
Jo?o Pedro Junqueira de Jesus,Watford,0,0,8,0,6.4,10064,5033,1,0,1.7,4.2,22,0,0,0,0,510,0,25556,21,28,8,3,566,2897,2331,83.60000000000001,8.0,0,0.616496598639455,24.0
Dimitri Foulquier,Watford,0,0,12,0,1.0,18428,7212,6,0,1.0,8.0,57,0,0,0,0,731,0,386041,34,56,0,1,3445,23817,20372,135.10000000000005,17.0,0,0.25,25.0
Sebastian Pr?dl,Watford,0,0,3,0,0.1,13718,7301,0,0,1.0,1.8,56,0,0,0,0,741,0,3521708,41,59,8,1,-54229,70540,124769,150.4000000000001,19.0,0,0.25,25.0
Michail Antonio,West Ham,4,8,284,3,377.4,14782,7311,30,10,201.7,552.8,1767,0,0,0,0,747,0,3178054,52,59,1094,111,300592,444780,144188,263.0000000000001,19.0,3,16.041407867494826,1.0
Declan Rice,West Ham,5,8,616,7,350.79999999999995,15010,7311,62,1,132.5,715.8000000000001,3420,0,0,0,0,747,0,4487597,52,59,259,105,-43765,170749,214514,181.29999999999987,19.0,6,22.101823708206688,2.0
Mark Noble,West Ham,4,8,504,7,602.1999999999999,15048,7311,44,4,131.1,542.1999999999999,2675,0,0,0,0,747,0,2607514,52,59,164,105,116383,374606,258223,189.50000000000003,19.0,5,21.069387755102042,2.0
S?bastien Haller,West Ham,3,11,327,5,354.50000000000006,17366,7311,41,7,180.9,450.4000000000001,2259,0,0,0,0,747,0,8619599,52,59,1012,102,-88261,745446,833707,269.10000000000014,19.0,1,14.248988281321575,4.0
Pablo Fornals,West Ham,6,4,346,6,359.7,15162,7311,35,2,109.2,350.40000000000003,2167,0,0,0,0,747,0,1067488,52,59,381,93,-39666,43811,83477,230.5,19.0,3,15.405286467968253,5.0
Robert Snodgrass,West Ham,5,8,312,3,552.1,14934,7311,33,5,129.70000000000005,422.2,1504,0,0,0,0,747,0,1724932,52,59,320,87,87013,312029,225016,198.29999999999995,19.0,4,16.688549745153512,6.0
Lukasz Fabianski,West Ham,0,5,414,5,0.0,14744,7311,34,0,53.20000000000001,531.2,2117,0,0,1,0,747,72,7534794,52,59,0,83,-202061,373117,575178,187.50000000000014,19.0,1,16.808163265306124,7.0
Angelo Ogbonna,West Ham,0,0,453,7,37.8,14326,7311,44,2,78.4,579.0,2786,1,0,0,0,747,0,2352276,52,59,168,81,29557,184628,155071,171.0,19.0,4,17.99999999999998,8.0
Aaron Cresswell,West Ham,0,5,444,5,440.9999999999999,14288,7311,51,3,115.89999999999999,535.4000000000001,2727,0,0,0,0,747,0,3564427,52,59,180,79,77021,378042,301021,179.50000000000003,19.0,7,16.739923928251528,9.0
Issa Diop,West Ham,1,3,424,4,64.30000000000001,14478,7311,54,3,88.70000000000003,609.9999999999999,2765,0,0,0,0,747,0,7836444,52,59,210,76,-71020,322040,393060,167.90000000000015,19.0,8,17.26873385012919,10.0
Ryan Fredericks,West Ham,3,7,423,7,333.7,14440,7311,39,0,90.5,491.1999999999999,2235,0,0,0,0,747,0,1565288,52,59,76,74,4364,149227,144863,169.4000000000001,19.0,7,16.54040404040402,11.0
Andriy Yarmolenko,West Ham,1,10,231,3,265.7,14896,7311,17,5,87.89999999999999,284.4,981,0,0,0,0,747,0,4504363,52,59,329,70,25920,603786,577866,210.59999999999997,19.0,2,12.322271989087328,12.0
Felipe Anderson Pereira Gomes,West Ham,4,1,299,7,414.70000000000005,14820,7311,27,1,114.80000000000001,377.2,1493,0,0,0,0,747,0,9232725,52,59,355,66,-387415,186634,574049,255.09999999999988,19.0,1,9.768970935669413,13.0
Manuel Lanzini,West Ham,3,3,234,2,464.8000000000001,14858,7311,30,0,96.49999999999999,218.99999999999997,1370,0,0,0,0,747,0,2964908,52,59,281,50,-41016,278608,319624,237.89999999999986,19.0,1,7.864161803661405,14.0
Jarrod Bowen,West Ham,4,3,173,1,235.0,8138,4129,13,1,79.80000000000001,221.4,916,0,0,0,0,416,0,154908,17,21,342,44,10821,33206,22385,83.70000000000002,6.0,0,6.838942307692304,15.0
Tomas Soucek,West Ham,0,3,155,1,73.1,8624,4379,18,3,62.09999999999999,254.20000000000002,1039,1,0,0,0,441,0,118361,20,24,293,41,31679,41724,10045,68.29999999999998,7.0,0,8.487244897959185,16.0
Fabi?n Balbuena,West Ham,0,3,210,3,18.500000000000004,14516,7311,24,1,43.6,268.0,1176,0,0,0,0,747,0,933338,52,59,149,40,-18387,36213,54600,164.40000000000003,19.0,2,9.307376086445862,17.0
Arthur Masuaku,West Ham,1,3,166,2,128.59999999999997,14364,7311,18,0,42.39999999999999,240.8,930,0,0,0,1,747,0,1511329,52,59,53,26,-2472,110459,112931,163.29999999999998,19.0,4,5.883873578995532,18.0
David Martin,West Ham,0,2,86,2,0.0,17143,7058,6,0,11.200000000000001,112.0,435,0,0,0,0,719,15,4116388,41,51,0,20,218443,417306,198863,124.00000000000004,16.0,1,4.987804878048781,19.0
Roberto Jimenez Gago,West Ham,0,1,134,0,0.0,17100,7311,17,0,23.900000000000002,239.0,686,1,0,0,0,747,36,1131293,52,59,0,18,-7503,66321,73824,167.80000000000013,19.0,0,4.090909090909096,20.0
Pablo Zabaleta,West Ham,0,0,90,0,50.5,14402,7311,14,0,17.4,110.40000000000002,588,0,0,0,0,747,0,1386780,52,59,12,10,-26134,23330,49464,161.49999999999997,19.0,2,2.3318735528037844,21.0
Albian Ajeti,West Ham,0,0,16,0,22.900000000000002,19532,7311,3,0,7.3,5.2,132,0,0,0,0,747,0,103052,52,59,47,9,-2400,3542,5942,218.19999999999985,19.0,0,1.5669561835623529,22.0
Javier Hern?ndez Balc?zar,West Ham,0,2,27,0,2.2,14668,7311,4,1,7.699999999999999,35.6,106,0,0,0,0,747,0,1278108,52,59,39,9,-55260,87255,142515,228.0,19.0,0,1.499999999999997,22.0
Jack Wilshere,West Ham,0,0,14,0,7.0,14972,7311,5,0,1.5000000000000002,6.4,209,0,0,0,0,747,0,686498,52,59,4,8,-25272,11367,36639,179.39999999999995,19.0,0,1.6681159420289844,24.0
Jeremy Ngakia,West Ham,0,0,48,0,10.7,10674,5241,8,0,9.8,78.0,440,0,0,0,0,534,0,163065,24,30,9,8,6634,30281,23647,72.0,9.0,0,2.0,24.0
Carlos S?nchez,West Ham,0,0,20,0,3.7,15086,7311,2,0,1.1,8.4,112,0,0,0,0,747,0,1099917,52,59,0,7,-1831,53355,55186,166.00000000000009,19.0,0,1.586328400281887,26.0
Ben Johnson,West Ham,0,0,32,0,25.200000000000003,14592,7311,3,0,7.4,48.0,270,0,0,0,0,747,0,4670726,52,59,1,6,51119,194917,143798,151.10000000000005,19.0,0,1.5,27.0
Darren Randolph,West Ham,0,0,27,0,0.0,10302,5023,5,0,4.9,49.599999999999994,180,0,0,0,0,512,6,195398,24,29,0,3,28304,49078,20774,70.6,9.0,0,0.666666666666666,28.0
Nathan Holland,West Ham,0,0,10,0,3.8,13632,6310,1,0,2.5,12.600000000000001,31,0,0,0,0,642,0,10198,31,40,9,2,134,1294,1160,106.60000000000005,12.0,0,0.444444444444444,29.0
Ra?l Jim?nez,Wolves,7,33,685,15,668.1999999999997,15542,7312,36,17,325.40000000000003,911.6,3241,0,0,0,0,741,0,59378868,43,48,1680,194,631120,4589224,3958104,290.6,19.0,3,25.487321333079276,1.0
Matt Doherty,Wolves,8,15,590,12,340.49999999999994,15238,7312,31,4,159.99999999999997,576.2000000000002,2836,0,0,0,0,741,0,16204031,43,48,681,167,555473,1408748,853275,232.99999999999997,19.0,1,27.14707899187012,2.0
Rui Pedro dos Santos Patr?cio,Wolves,0,8,680,13,0.0,15618,7312,40,0,74.3,740.9999999999998,3420,0,0,2,0,741,90,27431859,43,48,0,153,253673,1205060,951387,196.50000000000009,19.0,0,29.686061071743616,3.0
Adama Traor?,Wolves,9,14,522,7,786.3999999999999,15846,7312,33,4,209.69999999999996,727.1999999999999,2599,0,0,0,0,741,0,27655310,43,48,583,130,885529,3158575,2273046,205.40000000000003,19.0,1,24.382309520304307,4.0
Jonathan Castro Otto,Wolves,3,6,537,11,379.2,15276,7312,35,2,122.40000000000002,543.5999999999999,2885,0,0,0,0,741,0,3294160,43,48,299,123,94457,260039,165582,206.1000000000001,19.0,4,22.680134680134667,5.0
Conor Coady,Wolves,0,7,648,13,68.79999999999998,15314,7312,40,0,62.40000000000001,556.3999999999999,3420,0,0,0,0,741,0,4723954,43,48,0,118,59359,255710,196351,190.89999999999995,19.0,5,23.462745098039196,6.0
Jo?o Filipe Iria Santos Moutinho,Wolves,7,12,617,11,1200.1,15770,7312,36,1,203.99999999999997,711.9999999999999,3105,0,0,0,0,741,0,13747550,43,48,122,113,-151727,675873,827600,204.90000000000012,19.0,7,21.00146115240453,7.0
Diogo Jota,Wolves,3,12,348,10,453.29999999999995,15580,7312,28,7,204.90000000000003,457.8,2278,0,0,0,0,741,0,13337530,43,48,1139,105,-538983,917539,1456522,234.69999999999993,19.0,4,17.04090033262759,8.0
Romain Sa?ss,Wolves,2,8,525,10,160.70000000000007,15466,7312,34,2,108.09999999999998,621.2000000000002,2703,0,0,0,1,741,0,4989942,43,48,298,103,346475,693948,347473,170.09999999999997,19.0,10,23.011264354927615,9.0
Leander Dendoncker,Wolves,0,9,426,11,160.6,15960,7312,34,4,96.80000000000001,529.2,2790,1,0,0,0,741,0,27204787,43,48,282,100,-323956,1211429,1535385,167.90000000000012,19.0,5,22.666666666666668,10.0
R?ben Diogo da Silva Neves,Wolves,2,7,498,13,445.40000000000003,15732,7312,35,2,129.09999999999997,538.5999999999999,3053,0,0,0,0,741,0,14952025,43,48,307,97,-266299,406979,673278,201.4999999999998,19.0,9,18.320038801170885,11.0
Willy Boly,Wolves,1,10,470,12,85.8,15390,7312,15,0,68.39999999999999,477.0,1980,0,0,0,1,741,0,10288995,43,48,119,97,-159016,638013,797029,184.60000000000008,19.0,1,19.97502532928065,11.0
Pedro Lomba Neto,Wolves,3,0,194,1,232.00000000000003,20064,7312,12,3,71.8,227.79999999999995,920,0,0,0,0,741,0,285164,43,48,260,57,7331,39905,32574,189.8,19.0,3,11.404081632653059,13.0
R?ben Gon?alo Silva Nascimento Vinagre,Wolves,0,1,134,3,96.2,15428,7312,6,0,28.1,130.4,644,0,0,0,0,741,0,612624,43,48,56,32,-7322,26591,33913,161.79999999999995,19.0,1,7.57842176730435,14.0
Daniel Castelo Podence,Wolves,1,2,74,3,73.3,8666,4379,0,1,28.4,62.4,285,0,0,0,0,441,0,25093,9,15,148,25,4926,8240,3314,71.60000000000001,7.0,0,5.02233438566085,15.0
Patrick Cutrone,Wolves,0,0,69,1,35.599999999999994,18506,7312,6,2,27.5,85.20000000000002,292,0,0,0,0,741,0,1607309,43,48,155,23,-68638,26446,95084,212.20000000000002,19.0,0,4.0184080891884895,16.0
Ryan Bennett,Wolves,0,0,110,2,33.699999999999996,9292,2696,9,0,16.3,113.60000000000001,603,0,0,0,0,276,0,677644,32,32,16,21,-24610,16993,41603,113.30000000000005,11.0,2,4.248979591836736,17.0
Morgan Gibbs-White,Wolves,1,0,39,0,44.1,15808,7312,2,0,6.3,6.600000000000001,125,0,0,0,0,741,0,170937,43,48,12,11,-4401,3507,7908,180.6999999999999,19.0,0,2.271471993052542,18.0
Max Kilman,Wolves,0,0,24,0,1.2000000000000002,15504,7312,2,0,3.7,35.2,184,0,0,0,0,741,0,6671716,43,48,0,5,82430,322440,240010,151.10000000000005,19.0,0,1.25,19.0
Bruno Andr? Cavaco Jordao,Wolves,0,0,4,0,10.4,9744,4844,0,0,1.3,2.6,6,0,0,0,0,488,0,14250,14,18,0,1,742,1831,1089,72.0,8.0,0,0.222222222222222,20.0
Jes?s Vallejo L?zaro,Wolves,0,0,22,0,7.0,17974,7312,6,0,4.3,35.599999999999994,162,0,0,0,0,741,0,689935,43,48,0,1,-19173,5497,24670,178.69999999999993,19.0,1,0.208333333333333,20.0
